time,wind_speed,active_power
2026-07-01 00:00:00,5.704844439064891,0.28913860985092377
2026-07-01 00:10:00,2.8213780965128095,0.0
2026-07-01 00:20:00,7.9347120025188485,0.8813943404804666
2026-07-01 00:30:00,6.96029536025586,0.6796113199739449
2026-07-01 00:40:00,11.349123182595642,2.4652429672448144
2026-07-01 00:50:00,7.894458215507487,0.926810123357539
2026-07-01 01:00:00,4.510311899779072,0.09552187825343142
2026-07-01 01:10:00,2.211524424305445,0.0
2026-07-01 01:20:00,8.840313385476888,1.2782658999992937
2026-07-01 01:30:00,6.0472086371587706,0.37401285768012466
2026-07-01 01:40:00,6.778010041731351,0.4527490328608018
2026-07-01 01:50:00,5.174107299604078,0.1344007720288467
2026-07-01 02:00:00,1.0003809665052943,0.0
2026-07-01 02:10:00,9.724722077209165,1.7146862984901736
2026-07-01 02:20:00,8.44893979049314,1.132693505860271
2026-07-01 02:30:00,7.6656353524663015,0.9117145243308077
2026-07-01 02:40:00,8.992087537693212,1.2029147683326926
2026-07-01 02:50:00,3.2625795699254203,0.1695535702971422
2026-07-01 03:00:00,12.906637214960876,3.0
2026-07-01 03:10:00,6.0440532203490145,0.47448390677130203
2026-07-01 03:20:00,8.079303708135361,1.0136646292030602
2026-07-01 03:30:00,9.238513106168739,1.411226410866414
2026-07-01 03:40:00,0.0,
2026-07-01 03:50:00,12.02613659001672,
2026-07-01 04:00:00,7.168698102905789,0.6223195458212536
2026-07-01 04:10:00,1.9022636280700285,0.0
2026-07-01 04:20:00,5.915928722687716,0.4509070843462478
2026-07-01 04:30:00,15.189250052440295,3.0
2026-07-01 04:40:00,6.2834529671841866,0.5729864746000286
2026-07-01 04:50:00,2.72812475780575,0.0
2026-07-01 05:00:00,6.505295591130653,0.5512597479953985
2026-07-01 05:10:00,8.156117146738081,0.9655426468141782
2026-07-01 05:20:00,5.138902467484159,0.11888700975577157
2026-07-01 05:30:00,5.1912026222456085,0.2606214595984702
2026-07-01 05:40:00,10.543226587045954,2.06820446135007
2026-07-01 05:50:00,9.501109231318186,1.5728190805944253
2026-07-01 06:00:00,6.982379157108294,0.5679079311111022
2026-07-01 06:10:00,6.792868413958873,0.6047013014134831
2026-07-01 06:20:00,7.439061577604581,0.8274020489292357
2026-07-01 06:30:00,5.699843493130238,0.2830912270441544
2026-07-01 06:40:00,6.9696181639621155,0.5092478198478994
2026-07-01 06:50:00,7.409547102709089,0.7716342763814944
2026-07-01 07:00:00,11.430282837090527,-2.8805964193350886
2026-07-01 07:10:00,3.5005589205462373,0.08241909822121282
2026-07-01 07:20:00,9.82010719510479,1.6425569523553751
2026-07-01 07:30:00,12.018374752192555,3.0
2026-07-01 07:40:00,4.429306989541507,0.0
2026-07-01 07:50:00,7.557957829146632,3.2463322818902376
2026-07-01 08:00:00,-8.255420806934305,0.8143411415430903
2026-07-01 08:10:00,6.513388238153537,0.5539896601252658
2026-07-01 08:20:00,5.565183702250813,0.19654143356455314
2026-07-01 08:30:00,4.000806037887923,0.0017566607844499357
2026-07-01 08:40:00,0.36384763584970425,0.0
2026-07-01 08:50:00,8.72245179198758,1.1902538967775518
2026-07-01 09:00:00,0.0,0.0
2026-07-01 09:10:00,8.52914054717735,1.0528441060129086
2026-07-01 09:20:00,9.744673893752868,1.6656839113984514
2026-07-01 09:30:00,3.9011950760057195,0.09564954692766948
2026-07-01 09:40:00,8.688508743374584,1.0862812808865447
2026-07-01 09:50:00,9.145203271856307,1.4595926646611705
2026-07-01 10:00:00,9.148608067195763,
2026-07-01 10:10:00,5.666459791111393,0.11736263476971145
2026-07-01 10:20:00,8.05094031302227,1.0206426442026666
2026-07-01 10:30:00,7.6074603692732845,0.7089168796222124
2026-07-01 10:40:00,4.577214799790496,0.13616090074075676
2026-07-01 10:50:00,5.420329990635393,0.07055279662166355
2026-07-01 11:00:00,8.947876186775028,1.3396130484150908
2026-07-01 11:10:00,5.379376657402794,0.16639278111552416
2026-07-01 11:20:00,8.351922382603105,1.0320019182530862
2026-07-01 11:30:00,-7.784138539856288,0.5202121196658971
2026-07-01 11:40:00,6.29725762091954,0.34476563211343536
2026-07-01 11:50:00,7.343783211216593,-0.916083601687657
2026-07-01 12:00:00,8.023509935573705,0.9294028545533131
2026-07-01 12:10:00,7.217072314015475,0.6764005148074886
2026-07-01 12:20:00,7.549735099349326,0.8435360238945255
2026-07-01 12:30:00,9.076552842148422,1.4281134274566116
2026-07-01 12:40:00,6.508283007642507,0.3528063803948351
2026-07-01 12:50:00,7.645806344527191,0.8751357435656909
2026-07-01 13:00:00,6.433601964021701,0.4372940698810776
2026-07-01 13:10:00,8.24700475323836,1.1057190157525167
2026-07-01 13:20:00,6.664607363129854,0.46437017204360176
2026-07-01 13:30:00,-9.668347851309665,1.3251458547144757
2026-07-01 13:40:00,10.352864629935326,
2026-07-01 13:50:00,2.8411769631301915,0.0
2026-07-01 14:00:00,11.219574326694413,2.742347281832094
2026-07-01 14:10:00,10.578229725928818,2.174888384783964
2026-07-01 14:20:00,4.686400556352007,0.10028792680756723
2026-07-01 14:30:00,,3.0
2026-07-01 14:40:00,7.72285167309289,0.7428757204079961
2026-07-01 14:50:00,8.59423362382358,1.24341331524072
2026-07-01 15:00:00,12.130530182806464,3.0
2026-07-01 15:10:00,5.132925309532461,0.1392904919005498
2026-07-01 15:20:00,3.6930169634203374,0.0
2026-07-01 15:30:00,6.0334533057920225,0.2688469150383863
2026-07-01 15:40:00,7.539099681530313,0.9882599586402082
2026-07-01 15:50:00,8.19557887989216,0.974648915512492
2026-07-01 16:00:00,9.128841035956588,1.353576710248362
2026-07-01 16:10:00,12.112805802929149,3.0
2026-07-01 16:20:00,-5.184643921254745,0.17882554268044015
2026-07-01 16:30:00,,0.0
2026-07-01 16:40:00,7.960410067057462,0.9292867670378036
2026-07-01 16:50:00,6.933533382123587,
2026-07-01 17:00:00,6.792485408439872,0.686189496752317
2026-07-01 17:10:00,2.9128375769800234,0.0
2026-07-01 17:20:00,9.025147226364899,1.3709236648914478
2026-07-01 17:30:00,8.972219058737751,1.387021292891692
2026-07-01 17:40:00,6.151534698827328,0.269747154794899
2026-07-01 17:50:00,15.159270378748547,3.0
2026-07-01 18:00:00,3.4478394493975992,0.031505301154098
2026-07-01 18:10:00,10.071272224136791,1.9067471128010176
2026-07-01 18:20:00,5.2718045895632635,0.12773429471846937
2026-07-01 18:30:00,4.4368620042173825,0.04292710618847542
2026-07-01 18:40:00,3.4921654298672893,0.04852157030012433
2026-07-01 18:50:00,10.10079683467545,1.7789952409571417
2026-07-01 19:00:00,5.182190788036744,0.21659161769417418
2026-07-01 19:10:00,5.552538556685139,0.22905914774903965
2026-07-01 19:20:00,5.793798272130123,0.34258442081754004
2026-07-01 19:30:00,8.291980346790762,1.0726345255159064
2026-07-01 19:40:00,10.54116436979941,
2026-07-01 19:50:00,8.07762516376648,-1.0246276985481233
2026-07-01 20:00:00,10.867705630275562,
2026-07-01 20:10:00,11.172754296439246,2.6025831807925304
2026-07-01 20:20:00,5.84482832252764,0.3096691755504175
2026-07-01 20:30:00,8.122894734339383,0.8991388531879208
2026-07-01 20:40:00,9.832747845533405,1.84785030632318
2026-07-01 20:50:00,9.41081693020548,1.4585063677673122
2026-07-01 21:00:00,7.54581305871923,0.7666444514546796
2026-07-01 21:10:00,11.921114781405254,2.9159334564797508
2026-07-01 21:20:00,6.52464990112411,0.342797187267063
2026-07-01 21:30:00,6.593561189819114,0.47126648602255766
2026-07-01 21:40:00,8.334043777825634,0.9990069195315754
2026-07-01 21:50:00,6.765309197292654,0.6071747269720753
2026-07-01 22:00:00,4.265425644377062,0.1492979013358542
2026-07-01 22:10:00,10.546276370440292,2.1215857791693513
2026-07-01 22:20:00,7.391228149050492,0.7181728956598102
2026-07-01 22:30:00,10.218980559009207,1.9074363533450769
2026-07-01 22:40:00,10.886619444327152,2.3296598047304244
2026-07-01 22:50:00,3.6978037862059923,0.0
2026-07-01 23:00:00,9.023422555447446,1.1234605444107684
2026-07-01 23:10:00,,0.48748731215271224
2026-07-01 23:20:00,8.153910291224474,3.685119093620073
2026-07-01 23:30:00,9.24588173863998,1.4838270532018056
2026-07-01 23:40:00,5.245268941849786,0.32001117937618906
2026-07-01 23:50:00,4.475218465765822,0.11561095499019744
2026-07-02 00:00:00,7.404854640382431,0.9163420846927295
2026-07-02 00:10:00,6.459489068298894,0.3904763610991432
2026-07-02 00:20:00,5.858843146652906,0.27549694156523274
2026-07-02 00:30:00,8.386119383359139,1.1204039964218278
2026-07-02 00:40:00,6.932109232831381,0.5338026564404266
2026-07-02 00:50:00,8.83108787309953,1.2730434638348576
2026-07-02 01:00:00,9.300867319296737,1.4405234704408072
2026-07-02 01:10:00,5.34111254736356,0.24706535105998553
2026-07-02 01:20:00,5.820229386289545,0.2694411947371546
2026-07-02 01:30:00,8.296061800432309,1.0860590019275715
2026-07-02 01:40:00,8.083425397026723,0.9106160831250611
2026-07-02 01:50:00,7.876125684164181,0.8577775832169604
2026-07-02 02:00:00,11.690578792200776,2.9006067371689026
2026-07-02 02:10:00,11.882961557861357,2.9629142817367558
2026-07-02 02:20:00,,0.0
2026-07-02 02:30:00,,0.7228711042814582
2026-07-02 02:40:00,6.6733601511559675,0.49411533818670506
2026-07-02 02:50:00,4.42624491044905,0.02910522863657252
2026-07-02 03:00:00,2.5725824987651116,0.0
2026-07-02 03:10:00,0.7609440150708924,0.0
2026-07-02 03:20:00,6.420256317131634,
2026-07-02 03:30:00,5.879587263458447,-0.5488486637906196
2026-07-02 03:40:00,7.874639504485447,0.9485291718470393
2026-07-02 03:50:00,6.3232707386033,0.5560986343580908
2026-07-02 04:00:00,9.429513088551511,1.597341083954132
2026-07-02 04:10:00,10.506850299977966,2.072482391740205
2026-07-02 04:20:00,5.08175898965275,0.22514781449944993
2026-07-02 04:30:00,,0.25933504821291375
2026-07-02 04:40:00,11.043379673481674,2.472095634104337
2026-07-02 04:50:00,4.59450623997192,0.0284609288977698
2026-07-02 05:00:00,12.202458967024125,3.0
2026-07-02 05:10:00,13.265409560253904,3.0
2026-07-02 05:20:00,6.1159422480276575,0.37759499232167004
2026-07-02 05:30:00,7.448399776781015,0.7429323177477344
2026-07-02 05:40:00,8.330567715723305,1.100310258689345
2026-07-02 05:50:00,3.416989654335854,0.0
2026-07-02 06:00:00,13.246195173130657,3.0
2026-07-02 06:10:00,0.7780083257929498,
2026-07-02 06:20:00,6.974188226394332,0.5915754523402077
2026-07-02 06:30:00,6.0451253115976815,0.47457145632372666
2026-07-02 06:40:00,13.093609825593255,3.0
2026-07-02 06:50:00,7.374456667141786,0.6559520128742737
2026-07-02 07:00:00,2.8005283246071215,0.0
2026-07-02 07:10:00,8.683436744463432,1.2052160471559725
2026-07-02 07:20:00,8.033583708990196,0.8240485305047446
2026-07-02 07:30:00,10.974201755042502,2.198447939341995
2026-07-02 07:40:00,1.8888992574419063,0.0
2026-07-02 07:50:00,10.063295876434458,1.9561580730100534
2026-07-02 08:00:00,10.324483644194812,1.9119242192688046
2026-07-02 08:10:00,5.127710411577068,0.07118650063071169
2026-07-02 08:20:00,4.313059349328835,0.1886596913501527
2026-07-02 08:30:00,5.1370751172364155,0.005374181725804644
2026-07-02 08:40:00,10.29297223982329,2.0149454060866394
2026-07-02 08:50:00,9.496757005589545,1.6551758495989595
2026-07-02 09:00:00,5.63480533887823,0.2798966027149881
2026-07-02 09:10:00,9.712558613454727,1.614962742377812
2026-07-02 09:20:00,10.918742198955373,2.312853666323452
2026-07-02 09:30:00,6.134797886490208,0.31863603340889995
2026-07-02 09:40:00,10.598725781458292,2.2361802153829586
2026-07-02 09:50:00,5.8333966605315375,0.22082784054868998
2026-07-02 10:00:00,5.971841281566429,0.3062191975039056
2026-07-02 10:10:00,6.636943832347911,0.547870228348756
2026-07-02 10:20:00,7.91990336402857,0.71241313659121
2026-07-02 10:30:00,0.844662768248023,0.0
2026-07-02 10:40:00,3.8470015323788127,0.0
2026-07-02 10:50:00,0.0,0.0
2026-07-02 11:00:00,8.912222916403092,1.161830562233896
2026-07-02 11:10:00,10.798083798610323,2.3850864623781205
2026-07-02 11:20:00,,-2.9250476302905866
2026-07-02 11:30:00,1.1137538234118791,0.0
2026-07-02 11:40:00,7.1584910941155355,0.751786904158543
2026-07-02 11:50:00,3.4468237367836014,0.0
2026-07-02 12:00:00,2.9438845150484774,0.0
2026-07-02 12:10:00,5.279133207650495,0.21176484958030425
2026-07-02 12:20:00,3.096517020018874,0.0
2026-07-02 12:30:00,13.134732072417263,3.0
2026-07-02 12:40:00,2.5507256682574155,0.0
2026-07-02 12:50:00,4.0141305176715685,0.0657326561091826
2026-07-02 13:00:00,6.456288670271613,0.35543041785537344
2026-07-02 13:10:00,7.136597084261003,0.6013645366316067
2026-07-02 13:20:00,7.051493437563707,0.5849921796193503
2026-07-02 13:30:00,3.3959028109261613,0.09001391509879206
2026-07-02 13:40:00,7.6926365418007645,0.7912638253145842
2026-07-02 13:50:00,7.787834002300481,0.9413356096981997
2026-07-02 14:00:00,9.087485534446564,3.404882551341444
2026-07-02 14:10:00,6.434331922683389,0.5358406475732354
2026-07-02 14:20:00,9.823671737972136,1.7336045207088149
2026-07-02 14:30:00,2.653710153419196,0.0
2026-07-02 14:40:00,,2.2179535877869703
2026-07-02 14:50:00,9.524908546665813,1.815342259750866
2026-07-02 15:00:00,7.944427422665487,0.9532481169835619
2026-07-02 15:10:00,8.368463046987609,1.05325549578658
2026-07-02 15:20:00,9.897072508767696,1.6654132662944006
2026-07-02 15:30:00,9.526445817184118,1.5771794756091235
2026-07-02 15:40:00,3.8397678737700582,0.0
2026-07-02 15:50:00,10.300347543764122,2.045664842608761
2026-07-02 16:00:00,7.6389342867270305,0.7984729717019486
2026-07-02 16:10:00,10.470407420542312,2.0455638659360975
2026-07-02 16:20:00,8.182796353438523,1.025900987364976
2026-07-02 16:30:00,4.027657724278674,0.0
2026-07-02 16:40:00,3.7012568614013066,0.0
2026-07-02 16:50:00,,1.2011768105259093
2026-07-02 17:00:00,10.251482217201353,2.1435779131225963
2026-07-02 17:10:00,2.5095530966820876,0.0
2026-07-02 17:20:00,5.9520883723298965,0.245815536988132
2026-07-02 17:30:00,10.156415236180386,1.884010290902999
2026-07-02 17:40:00,5.890437394171762,0.449646632089469
2026-07-02 17:50:00,12.335458930058884,3.0
2026-07-02 18:00:00,8.998146132309392,1.324575219811523
2026-07-02 18:10:00,10.640335722697888,2.1526923601658265
2026-07-02 18:20:00,4.942721586687944,0.06729394905206858
2026-07-02 18:30:00,12.468966480596347,3.0
2026-07-02 18:40:00,9.30037250137527,1.4776099346085818
2026-07-02 18:50:00,8.19167466902178,0.9912344293767045
2026-07-02 19:00:00,9.394395615221548,1.4142026280158038
2026-07-02 19:10:00,7.9621450982620035,0.821019724734631
2026-07-02 19:20:00,11.257260312030887,2.515056170376812
2026-07-02 19:30:00,6.850777137948888,0.5917329063151363
2026-07-02 19:40:00,6.3865092556498055,3.702976555588984
2026-07-02 19:50:00,6.613230981473693,-0.7457162055679671
2026-07-02 20:00:00,7.8481371513839795,0.9106374168758649
2026-07-02 20:10:00,7.3817975316531355,0.6980567137083763
2026-07-02 20:20:00,1.6142045242160012,0.0
2026-07-02 20:30:00,10.481184867905224,2.0485095603358108
2026-07-02 20:40:00,4.326149455519458,0.15074197368449757
2026-07-02 20:50:00,5.698207190712145,0.334417613105445
2026-07-02 21:00:00,-6.5841701709946925,0.3579064090570953
2026-07-02 21:10:00,9.457778372408512,-1.8371778449709284
2026-07-02 21:20:00,0.8092507070473234,0.0
2026-07-02 21:30:00,2.9582742200008694,0.0
2026-07-02 21:40:00,,3.0
2026-07-02 21:50:00,11.100877990546095,2.4052426279730357
2026-07-02 22:00:00,,3.0
2026-07-02 22:10:00,6.319278712768263,0.33812301431801994
2026-07-02 22:20:00,10.835683044697912,2.3945870556214324
2026-07-02 22:30:00,6.501057182217652,0.4389350406506146
2026-07-02 22:40:00,5.7923399445937696,0.22230591335180416
2026-07-02 22:50:00,1.6482105984942423,0.0
2026-07-02 23:00:00,6.863317779230186,0.47412969062642646
2026-07-02 23:10:00,6.298976576826531,0.4414005658808333
2026-07-02 23:20:00,0.4278673749310613,0.0
2026-07-02 23:30:00,4.213010567163977,0.08645344460977875
2026-07-02 23:40:00,,0.4062055966344742
2026-07-02 23:50:00,3.638109840120723,0.0
2026-07-03 00:00:00,9.352648539208563,1.5648814264163053
2026-07-03 00:10:00,6.12071323497044,0.2931038742546227
2026-07-03 00:20:00,8.019525517433458,0.9063450979046835
2026-07-03 00:30:00,10.6614353004509,2.0278993414613895
2026-07-03 00:40:00,8.212688691612213,1.0878888167723615
2026-07-03 00:50:00,2.987625651368851,0.0
2026-07-03 01:00:00,9.167000620434479,1.5068618789837187
2026-07-03 01:10:00,5.353963494603049,0.1735600424650407
2026-07-03 01:20:00,2.1252856237315703,0.0
2026-07-03 01:30:00,6.462360333196391,0.4603450660587568
2026-07-03 01:40:00,8.483549214860247,1.0932912001225057
2026-07-03 01:50:00,8.30792506498012,1.0558933452188608
2026-07-03 02:00:00,2.2057763998005564,0.0
2026-07-03 02:10:00,7.159988372515308,0.5828121863803408
2026-07-03 02:20:00,10.11966393221379,2.033404251566844
2026-07-03 02:30:00,5.079732330952209,0.07247320458542854
2026-07-03 02:40:00,7.1377386571466985,-0.8611463077664541
2026-07-03 02:50:00,7.314700092166619,0.7431145040093536
2026-07-03 03:00:00,7.636091069754274,0.8415470102964085
2026-07-03 03:10:00,-10.979536058340157,2.040706523565635
2026-07-03 03:20:00,7.537663205672485,0.8724601234363762
2026-07-03 03:30:00,3.233496774538251,
2026-07-03 03:40:00,3.946263361511859,0.0
2026-07-03 03:50:00,7.817267934647171,0.8652479826279553
2026-07-03 04:00:00,1.0934296480111314,0.0
2026-07-03 04:10:00,7.1232933504412665,0.7498056969522278
2026-07-03 04:20:00,7.381882128107692,0.8017541199462734
2026-07-03 04:30:00,8.610677407511506,1.1651709388190508
2026-07-03 04:40:00,5.8902454951858845,0.30732864262288023
2026-07-03 04:50:00,7.330590945038985,0.7995506356479984
2026-07-03 05:00:00,4.887166953999188,0.16518081478317082
2026-07-03 05:10:00,4.750225138784164,0.1561461964220791
2026-07-03 05:20:00,9.97945794568587,
2026-07-03 05:30:00,5.385822700501122,0.3152872938675175
2026-07-03 05:40:00,8.136177965645084,0.9864476149614678
2026-07-03 05:50:00,10.49354006877686,2.061016307850362
2026-07-03 06:00:00,12.069345623776394,3.0
2026-07-03 06:10:00,11.50407987117045,2.5752539667235284
2026-07-03 06:20:00,5.240854276848934,0.20411714078928278
2026-07-03 06:30:00,2.506029583748739,0.0
2026-07-03 06:40:00,6.190408735028171,0.2953193526633028
2026-07-03 06:50:00,,0.30152540034844444
2026-07-03 07:00:00,6.874361297003349,0.5607231063287452
2026-07-03 07:10:00,6.27842727852869,0.34113180815910205
2026-07-03 07:20:00,6.683281953275386,0.49067472819516006
2026-07-03 07:30:00,1.529122613242702,0.0
2026-07-03 07:40:00,8.072612092546832,1.1101090391684416
2026-07-03 07:50:00,12.775130608082689,3.0
2026-07-03 08:00:00,12.481515977959875,3.0
2026-07-03 08:10:00,,1.1597289248808649
2026-07-03 08:20:00,9.248577615459343,1.3548942453372137
2026-07-03 08:30:00,4.739522799933744,
2026-07-03 08:40:00,5.691911630848731,0.3479371565344175
2026-07-03 08:50:00,13.835697868110259,3.0
2026-07-03 09:00:00,8.082936375357976,
2026-07-03 09:10:00,11.00824805915564,2.34626559133077
2026-07-03 09:20:00,7.40504828943071,0.8397776021181589
2026-07-03 09:30:00,8.833728973690754,1.2581421557533057
2026-07-03 09:40:00,9.501601986686149,1.5013664796676642
2026-07-03 09:50:00,9.112885565711395,1.3024636490239054
2026-07-03 10:00:00,3.9116861285321427,0.050260075586280664
2026-07-03 10:10:00,6.398575720767308,0.4360089258510016
2026-07-03 10:20:00,13.672198950633309,3.0
2026-07-03 10:30:00,7.0427067977446365,0.5829823372760321
2026-07-03 10:40:00,10.81381874313784,2.4015623627558496
2026-07-03 10:50:00,6.760789814739056,0.4773033491213965
2026-07-03 11:00:00,3.4318978797533544,3.6607939138085244
2026-07-03 11:10:00,4.617085732014749,0.22997077838797733
2026-07-03 11:20:00,2.522517409234826,0.0
2026-07-03 11:30:00,1.5505257195541384,0.0
2026-07-03 11:40:00,6.088754261736729,0.4119136690270361
2026-07-03 11:50:00,4.810080833804559,0.028298863881484185
2026-07-03 12:00:00,2.8506534277778313,0.0
2026-07-03 12:10:00,4.659231736520735,0.03422920737914856
2026-07-03 12:20:00,5.265532221440978,0.13706005748460504
2026-07-03 12:30:00,8.557387912304723,
2026-07-03 12:40:00,8.632629578322835,1.2124722830166197
2026-07-03 12:50:00,7.437849900026754,0.5780465768403635
2026-07-03 13:00:00,10.111747081625733,1.9400901141474427
2026-07-03 13:10:00,7.263320082460485,0.6225921733780467
2026-07-03 13:20:00,-8.300094570186326,0.780516422578435
2026-07-03 13:30:00,4.002731669249476,0.0829101543872329
2026-07-03 13:40:00,4.944186694657356,0.07889515779421769
2026-07-03 13:50:00,-7.346016133037346,0.576882901277132
2026-07-03 14:00:00,5.854740146190532,0.3344165014321475
2026-07-03 14:10:00,12.392315607115584,3.0
2026-07-03 14:20:00,8.812823237146368,1.262230042651239
2026-07-03 14:30:00,9.119408885233048,1.4300004091019252
2026-07-03 14:40:00,6.589981459804104,3.875399518755494
2026-07-03 14:50:00,8.254038927254712,1.1358156039456495
2026-07-03 15:00:00,11.676987700727805,2.7732881606535487
2026-07-03 15:10:00,5.0196311771550794,0.2679475680602391
2026-07-03 15:20:00,10.78059835355161,2.257615421458357
2026-07-03 15:30:00,2.6055046071030867,0.0
2026-07-03 15:40:00,8.79084795058635,1.2799197803719367
2026-07-03 15:50:00,10.114677337393205,1.9018221107190048
2026-07-03 16:00:00,10.060455601718182,1.8724662748232652
2026-07-03 16:10:00,9.91031853319266,1.7970579643739657
2026-07-03 16:20:00,2.709283699514053,0.0
2026-07-03 16:30:00,6.041660740869308,0.3142175424610942
2026-07-03 16:40:00,11.94933231219468,2.9396671451735843
2026-07-03 16:50:00,10.279154217029902,2.046216862334684
2026-07-03 17:00:00,5.219136776183654,0.18121465318377855
2026-07-03 17:10:00,4.8601457782777295,0.2272834528394693
2026-07-03 17:20:00,8.472335487436991,1.1359627741421563
2026-07-03 17:30:00,6.723982250103293,0.4649584324365764
2026-07-03 17:40:00,6.5026320228693075,0.6243968760691808
2026-07-03 17:50:00,4.882463406105865,0.11410823225894985
2026-07-03 18:00:00,7.923501708700742,0.8479730277447179
2026-07-03 18:10:00,9.58573335413535,-1.924864665360118
2026-07-03 18:20:00,7.080111498824363,0.5491870015219336
2026-07-03 18:30:00,9.181678363856832,1.3857655938944253
2026-07-03 18:40:00,7.090272727542816,0.5830325707777256
2026-07-03 18:50:00,15.097467326780645,3.0
2026-07-03 19:00:00,9.068667755036028,1.3787548122348001
2026-07-03 19:10:00,11.24057883671405,2.667291808217141
2026-07-03 19:20:00,2.1211266932485326,0.0
2026-07-03 19:30:00,,0.15666393247029337
2026-07-03 19:40:00,6.540339367200364,0.4080002387564496
2026-07-03 19:50:00,4.596746262743855,0.10159109812312583
2026-07-03 20:00:00,0.5834067809459693,0.0
2026-07-03 20:10:00,5.953076874906381,0.38312227692949236
2026-07-03 20:20:00,11.871478951350822,2.976050353127384
2026-07-03 20:30:00,8.398223395734576,1.0743511383750075
2026-07-03 20:40:00,8.64313172527013,1.3094836404483237
2026-07-03 20:50:00,10.089470046895684,1.9649427638261239
2026-07-03 21:00:00,6.425662235189962,0.5026476838295671
2026-07-03 21:10:00,10.527593353561677,2.153317551577192
2026-07-03 21:20:00,7.347005389201874,0.7650593487317485
2026-07-03 21:30:00,9.088041724230367,1.2751950884960466
2026-07-03 21:40:00,4.062218296261812,0.021210232332082777
2026-07-03 21:50:00,7.247323579343572,0.660303632158582
2026-07-03 22:00:00,8.253347141297514,0.9404947988304231
2026-07-03 22:10:00,4.822894673645491,0.2358838373102434
2026-07-03 22:20:00,3.8236977386922457,0.0
2026-07-03 22:30:00,2.1778686708641013,0.0
2026-07-03 22:40:00,8.279648976321942,1.0582830175983309
2026-07-03 22:50:00,7.716619060624833,0.8544087859519628
2026-07-03 23:00:00,9.738385923299615,1.693493536937297
2026-07-03 23:10:00,8.725155670624963,1.2187689757351312
2026-07-03 23:20:00,12.882025711484186,3.0
2026-07-03 23:30:00,7.981743855426773,0.8107592748607648
2026-07-03 23:40:00,9.614971404652204,1.610096162474093
2026-07-03 23:50:00,8.106075332233173,0.9075573781952077
2026-07-04 00:00:00,7.46078409673348,0.7209927651569236
2026-07-04 00:10:00,5.658548062428189,0.1753101384138345
2026-07-04 00:20:00,8.936018782287242,1.3023978242260041
2026-07-04 00:30:00,7.25315053835555,0.780848515007067
2026-07-04 00:40:00,3.942972855624478,0.0
2026-07-04 00:50:00,7.548969535173036,0.757595966926285
2026-07-04 01:00:00,,0.013228383219301492
2026-07-04 01:10:00,7.606004515711202,0.7066675466775336
2026-07-04 01:20:00,10.323609112040797,1.9618070037757325
2026-07-04 01:30:00,9.206156272591521,1.3793574487332707
2026-07-04 01:40:00,,0.0
2026-07-04 01:50:00,2.609356552261632,0.0
2026-07-04 02:00:00,0.0,0.0
2026-07-04 02:10:00,5.915962724922554,0.24303324694276934
2026-07-04 02:20:00,6.920859362608418,0.557040581705831
2026-07-04 02:30:00,1.5038527685090752,0.0
2026-07-04 02:40:00,,0.1685728783832504
2026-07-04 02:50:00,1.6832560215622374,0.0
2026-07-04 03:00:00,5.0424303858711195,-0.42883830698860936
2026-07-04 03:10:00,10.457997684051023,1.9415850828383288
2026-07-04 03:20:00,7.410009660176088,0.5669901713455423
2026-07-04 03:30:00,11.804290218251051,2.786277189182474
2026-07-04 03:40:00,9.052239272989452,1.314690216036166
2026-07-04 03:50:00,5.623428532966587,0.29643902355005086
2026-07-04 04:00:00,11.709454244306569,2.768569226097656
2026-07-04 04:10:00,9.651116090642354,1.5356905319544711
2026-07-04 04:20:00,1.8180042101589002,0.0
2026-07-04 04:30:00,5.9409340458540685,0.10078450154619234
2026-07-04 04:40:00,4.763309659472745,0.1111661650368034
2026-07-04 04:50:00,6.33821460508114,0.18581314892576295
2026-07-04 05:00:00,7.940594515215495,0.9858734151328605
2026-07-04 05:10:00,10.370552535185244,2.049189146877324
2026-07-04 05:20:00,7.793685638387752,0.8844995116253785
2026-07-04 05:30:00,6.114953162770992,0.40573540497958915
2026-07-04 05:40:00,9.684694857785075,1.7298270235134194
2026-07-04 05:50:00,6.119789007966616,0.2570137613733653
2026-07-04 06:00:00,8.898601177406384,1.223400019556267
2026-07-04 06:10:00,6.379366820276444,-0.6500511149047843
2026-07-04 06:20:00,10.792498401191374,2.2776645897154806
2026-07-04 06:30:00,7.256620292542691,0.6225978883673365
2026-07-04 06:40:00,5.3440292095953295,0.31427930306189517
2026-07-04 06:50:00,3.210323943930182,0.03218587872943391
2026-07-04 07:00:00,7.38029889744323,0.6437566328902564
2026-07-04 07:10:00,5.5253362404991915,0.1834145998578834
2026-07-04 07:20:00,11.072752254266206,2.6355575083373908
2026-07-04 07:30:00,8.892979373806057,1.329426068747217
2026-07-04 07:40:00,7.788461806680818,
2026-07-04 07:50:00,6.06831688861426,0.22545871750690144
2026-07-04 08:00:00,8.831256863988854,1.1917973994891204
2026-07-04 08:10:00,4.0604024147633275,0.04647661749897074
2026-07-04 08:20:00,0.9725145430279589,0.0
2026-07-04 08:30:00,3.2342478594521444,-0.2
2026-07-04 08:40:00,7.2452771352914365,0.6923171529119293
2026-07-04 08:50:00,13.367433612313986,3.0
2026-07-04 09:00:00,10.248792757179967,1.8508787760816086
2026-07-04 09:10:00,7.468071926830034,0.7552037218063188
2026-07-04 09:20:00,6.120731439245272,0.4229509612701502
2026-07-04 09:30:00,6.141383678609015,0.3627239976205934
2026-07-04 09:40:00,6.873625463279218,0.4651819865445366
2026-07-04 09:50:00,6.383654041772516,0.3792876667784683
2026-07-04 10:00:00,11.180389505054112,2.4732677516590797
2026-07-04 10:10:00,2.0004436838118815,0.0
2026-07-04 10:20:00,10.344695546805958,2.014373053019805
2026-07-04 10:30:00,5.812449588941625,0.30207657252941034
2026-07-04 10:40:00,3.3950671113020996,0.0
2026-07-04 10:50:00,5.093525854155548,0.06296087503806694
2026-07-04 11:00:00,6.593126787597921,0.6036124625128731
2026-07-04 11:10:00,11.005412719589975,2.3615498792961334
2026-07-04 11:20:00,4.892342439911171,0.019325270454301144
2026-07-04 11:30:00,11.504577382528147,2.5983477560089763
2026-07-04 11:40:00,5.194526166457988,0.09154794902386704
2026-07-04 11:50:00,11.33320206436234,2.5809529884211084
2026-07-04 12:00:00,6.116016494900226,0.327083707102355
2026-07-04 12:10:00,13.848960284197439,3.0
2026-07-04 12:20:00,9.466890991806688,1.5972353986542935
2026-07-04 12:30:00,6.279997237039739,0.4919282269425192
2026-07-04 12:40:00,12.252995830859417,3.0
2026-07-04 12:50:00,7.509811771210485,0.6728484304989271
2026-07-04 13:00:00,3.5687283312302656,0.0
2026-07-04 13:10:00,6.1091607402696475,0.2386949570723037
2026-07-04 13:20:00,2.9067334671206204,0.0
2026-07-04 13:30:00,3.264278865181657,0.007479703193210134
2026-07-04 13:40:00,9.906902449857707,1.7818399640616698
2026-07-04 13:50:00,7.773851391347584,0.9565841642209587
2026-07-04 14:00:00,4.615269159805346,0.0
2026-07-04 14:10:00,8.453602402092187,1.1402617807828856
2026-07-04 14:20:00,4.690667638585327,0.04876714422626518
2026-07-04 14:30:00,7.834639812440719,0.9222913359246382
2026-07-04 14:40:00,7.836602699601906,0.9109053160440994
2026-07-04 14:50:00,9.76299544141575,1.6890857282838554
2026-07-04 15:00:00,0.0,
2026-07-04 15:10:00,8.490617201928586,1.0752988055821802
2026-07-04 15:20:00,11.289942536725043,2.584450808005086
2026-07-04 15:30:00,11.070975498762774,2.4354094186813953
2026-07-04 15:40:00,,1.6434244842742964
2026-07-04 15:50:00,7.052455511703148,0.6216083765430057
2026-07-04 16:00:00,6.710425033855962,0.4350702443514518
2026-07-04 16:10:00,1.0823900257515122,0.0
2026-07-04 16:20:00,4.624178091549715,0.22591908439773956
2026-07-04 16:30:00,5.990799848835726,-0.4725949030586983
2026-07-04 16:40:00,2.7193714846728696,0.0
2026-07-04 16:50:00,1.599247637552316,0.0
2026-07-04 17:00:00,4.806204963922343,0.1544605040743724
2026-07-04 17:10:00,2.1057121607995573,0.0
2026-07-04 17:20:00,6.552888229140356,0.5162217493257795
2026-07-04 17:30:00,2.1876507684797737,0.0
2026-07-04 17:40:00,7.784754833965527,0.8831867592271789
2026-07-04 17:50:00,4.8604220745364595,0.043062203338932875
2026-07-04 18:00:00,4.2885795767929515,0.12743585564758841
2026-07-04 18:10:00,6.198072645942903,0.4630723441449256
2026-07-04 18:20:00,5.50069008830472,0.2735787054137147
2026-07-04 18:30:00,7.603812207161003,1.0690988332808329
2026-07-04 18:40:00,6.308899223854665,0.47307805351952736
2026-07-04 18:50:00,6.412368728426541,0.36996082288040594
2026-07-04 19:00:00,5.299196875485203,0.09520252241740618
2026-07-04 19:10:00,-5.205467234018124,0.10742425385744488
2026-07-04 19:20:00,7.986415679844207,0.9039519575268533
2026-07-04 19:30:00,5.655284450600055,0.2752642294825532
2026-07-04 19:40:00,,0.0
2026-07-04 19:50:00,6.056193963222228,0.3592693815692104
2026-07-04 20:00:00,5.887124083732637,0.2878360531798195
2026-07-04 20:10:00,9.498809357066303,1.5518697000216948
2026-07-04 20:20:00,11.523706481451324,2.726139637949892
2026-07-04 20:30:00,14.457578784827561,3.0
2026-07-04 20:40:00,5.2533064826782425,0.12494270922213949
2026-07-04 20:50:00,9.26791766028637,1.2642541295634748
2026-07-04 21:00:00,9.212019629757666,1.4871185801704252
2026-07-04 21:10:00,1.5575717896879668,0.0
2026-07-04 21:20:00,0.9839374355651618,0.0
2026-07-04 21:30:00,0.6988896247262772,0.0
2026-07-04 21:40:00,7.18801303702997,0.6123168062401412
2026-07-04 21:50:00,4.96508509345812,0.0883484058260765
2026-07-04 22:00:00,10.84482704060962,2.3137671911136386
2026-07-04 22:10:00,5.727980664117954,0.2383553611627886
2026-07-04 22:20:00,11.166411271066128,2.470755845953022
2026-07-04 22:30:00,8.866954012477187,1.3347227938363322
2026-07-04 22:40:00,13.43991443749735,3.0
2026-07-04 22:50:00,0.09817436171156402,0.0
2026-07-04 23:00:00,9.835669157600524,1.623521573159572
2026-07-04 23:10:00,5.848154310302294,0.3736321173693001
2026-07-04 23:20:00,8.050406751686715,0.9030187488137544
2026-07-04 23:30:00,8.83666708079512,1.2061616583319588
2026-07-04 23:40:00,5.009342202126934,0.05663561285116338
2026-07-04 23:50:00,3.795369139508515,
2026-07-05 00:00:00,11.546378598247085,2.789376079503518
2026-07-05 00:10:00,8.428115454223772,1.0514546045235194
2026-07-05 00:20:00,-10.861269991152238,2.0411381311478967
2026-07-05 00:30:00,11.457577644694467,2.706412807126632
2026-07-05 00:40:00,15.209535157155745,3.0
2026-07-05 00:50:00,8.136871168517038,0.8422532667936201
2026-07-05 01:00:00,4.769427931924449,0.1982912705921192
2026-07-05 01:10:00,7.7733010201064126,0.9494027669489038
2026-07-05 01:20:00,10.625442737705082,2.1723025385512487
2026-07-05 01:30:00,5.661167823646351,0.29236306676842794
2026-07-05 01:40:00,4.821690106993873,0.10347503697485705
2026-07-05 01:50:00,0.9111154906122794,0.0
2026-07-05 02:00:00,7.6933680174067804,0.7669251920138664
2026-07-05 02:10:00,6.8131922106277285,0.5608736595221456
2026-07-05 02:20:00,5.876909323070242,0.27929588899194857
2026-07-05 02:30:00,9.189031346628417,1.5306808273023116
2026-07-05 02:40:00,7.269272467594032,0.7115582016508221
2026-07-05 02:50:00,8.728644240073008,1.4313505608149582
2026-07-05 03:00:00,15.886910368524088,3.0
2026-07-05 03:10:00,10.553383072026516,2.1316834314306075
2026-07-05 03:20:00,7.554730395385126,0.7906590406598573
2026-07-05 03:30:00,7.35040949751289,0.6650188237995123
2026-07-05 03:40:00,5.699361975758566,0.39198960275482186
2026-07-05 03:50:00,7.529005802829893,0.8889249484802167
2026-07-05 04:00:00,4.121568324103398,0.027684023158671224
2026-07-05 04:10:00,7.313514888131045,0.7565429958552031
2026-07-05 04:20:00,1.8055880310358727,0.0
2026-07-05 04:30:00,10.208826313134177,1.9181194928572134
2026-07-05 04:40:00,12.535899129180272,3.0
2026-07-05 04:50:00,5.106671926383545,0.1602865876461614
2026-07-05 05:00:00,-4.3243483658720265,0.0007800446063357565
2026-07-05 05:10:00,3.6334355966043184,0.07217703760980239
2026-07-05 05:20:00,8.799090508949362,1.2901447403653379
2026-07-05 05:30:00,8.876081892189024,1.3696263719966337
2026-07-05 05:40:00,9.945950920455662,1.7082253407308188
2026-07-05 05:50:00,0.6801784460186902,0.0
2026-07-05 06:00:00,11.289163318088494,2.4585814106663584
2026-07-05 06:10:00,6.346083195269807,0.44185005876702405
2026-07-05 06:20:00,10.256573336265712,2.062496518898188
2026-07-05 06:30:00,12.79679667251661,3.0
2026-07-05 06:40:00,5.8963486863809855,0.18354873584325548
2026-07-05 06:50:00,8.642915746953564,1.264096453010866
2026-07-05 07:00:00,5.8497735121949,0.22820004824278306
2026-07-05 07:10:00,6.151178991343942,0.33885472262393496
2026-07-05 07:20:00,11.74536147862111,2.892554067473275
2026-07-05 07:30:00,6.332735139618699,0.38112431732333135
2026-07-05 07:40:00,,1.605543244536982
2026-07-05 07:50:00,9.074496798991838,1.345469961275578
2026-07-05 08:00:00,11.233884701843694,2.4544170621915793
2026-07-05 08:10:00,13.337502227513424,3.0
2026-07-05 08:20:00,,1.4391841194193091
2026-07-05 08:30:00,10.19241385767608,2.0152872716097625
2026-07-05 08:40:00,,3.0
2026-07-05 08:50:00,8.778738812331257,1.2174816766374408
2026-07-05 09:00:00,3.9262175901832093,0.07057048537055224
2026-07-05 09:10:00,11.919590430768316,3.0
2026-07-05 09:20:00,7.8257375476448505,0.8289927348079037
2026-07-05 09:30:00,11.963301451569077,3.0
2026-07-05 09:40:00,0.0,0.0
2026-07-05 09:50:00,11.743617561193354,2.6886943076797802
2026-07-05 10:00:00,9.074618608393338,1.24326987841768
2026-07-05 10:10:00,7.239346903262576,0.5882911410160045
2026-07-05 10:20:00,10.130269454967866,1.8701050549055651
2026-07-05 10:30:00,10.80540506008591,2.280052508623619
2026-07-05 10:40:00,9.657262192723161,1.6070657738539742
2026-07-05 10:50:00,9.777186711294572,1.7834355115903942
2026-07-05 11:00:00,4.448757559581702,0.1829088404681159
2026-07-05 11:10:00,3.527867999842523,3.7006982409318727
2026-07-05 11:20:00,1.9074489449815317,0.0
2026-07-05 11:30:00,11.169495580942666,2.508603684612511
2026-07-05 11:40:00,6.121283733531667,0.5360375347868059
2026-07-05 11:50:00,5.563044517212571,0.36163979414806147
2026-07-05 12:00:00,7.298835511234047,0.5506380101552666
2026-07-05 12:10:00,9.463440752518075,1.6124444526932034
2026-07-05 12:20:00,3.5989647827752282,0.0
2026-07-05 12:30:00,7.245148952544123,0.7343565640020575
2026-07-05 12:40:00,,2.7271063467278225
2026-07-05 12:50:00,5.188058257484931,0.17896668099390364
2026-07-05 13:00:00,13.911167999548963,3.0
2026-07-05 13:10:00,9.90041748164653,1.7393143554325123
2026-07-05 13:20:00,5.817669493521269,0.30509664266469644
2026-07-05 13:30:00,8.82897356631939,1.0963370064136742
2026-07-05 13:40:00,7.033095911733717,0.6467545776540853
2026-07-05 13:50:00,7.36680313773716,0.5593599633863888
2026-07-05 14:00:00,-6.746148839333984,0.44346412871557367
2026-07-05 14:10:00,6.781715370890285,0.6049807070525657
2026-07-05 14:20:00,7.620078008583268,0.7922673335239693
2026-07-05 14:30:00,4.988958733612609,0.24447553088229604
2026-07-05 14:40:00,5.964153177251673,0.26146457264535783
2026-07-05 14:50:00,10.463420528750493,2.000271738122281
2026-07-05 15:00:00,6.640225630515294,0.5029677897839598
2026-07-05 15:10:00,13.71936490018896,3.0
2026-07-05 15:20:00,9.451457845695256,1.4571344705334583
2026-07-05 15:30:00,6.0857836291553875,0.35751056336530207
2026-07-05 15:40:00,6.661633887547108,0.5540259590188948
2026-07-05 15:50:00,5.135452615779342,0.28409110758967365
2026-07-05 16:00:00,8.326898957150044,1.0757416080962912
2026-07-05 16:10:00,6.923302518010221,0.5334391285364188
2026-07-05 16:20:00,6.755266083204645,0.4861262597508472
2026-07-05 16:30:00,9.930205569683016,1.6522893590097127
2026-07-05 16:40:00,5.260116078766547,0.0987245488048731
2026-07-05 16:50:00,6.136815870668999,0.13735088330359932
2026-07-05 17:00:00,,0.024352080456799347
2026-07-05 17:10:00,6.822865711963693,0.6714670831048917
2026-07-05 17:20:00,6.707517993718769,0.40411763787554505
2026-07-05 17:30:00,7.152848826009997,0.7437267469317139
2026-07-05 17:40:00,9.65172559010492,1.72633590003238
2026-07-05 17:50:00,10.491827273889513,2.049482653706514
2026-07-05 18:00:00,10.696946576008376,2.2685183703000167
2026-07-05 18:10:00,3.658602636232123,0.009109166912088476
2026-07-05 18:20:00,8.699708333826173,1.2444951534729027
2026-07-05 18:30:00,-7.419757658138735,0.4946729228596185
2026-07-05 18:40:00,6.962508039418848,0.5810601827853376
2026-07-05 18:50:00,3.275518500054239,0.10424676702897334
2026-07-05 19:00:00,12.724203169235079,3.0
2026-07-05 19:10:00,,0.08299737046620258
2026-07-05 19:20:00,6.1227752349163325,0.4437183381328003
2026-07-05 19:30:00,8.464372727360796,1.2130200087552647
2026-07-05 19:40:00,7.27193078438516,-1.0479923367862478
2026-07-05 19:50:00,4.844913443306869,0.08737257988324254
2026-07-05 20:00:00,9.56838908780056,1.606734507331327
2026-07-05 20:10:00,11.803230998519965,2.8473033822246134
2026-07-05 20:20:00,5.70940528295599,0.39209239384413985
2026-07-05 20:30:00,7.553134206736424,0.6775883989640172
2026-07-05 20:40:00,1.9095352339225302,0.0
2026-07-05 20:50:00,6.592529120903327,
2026-07-05 21:00:00,8.459590239901384,1.065590657961397
2026-07-05 21:10:00,7.379938775118271,0.7326641645006948
2026-07-05 21:20:00,3.417611184839494,0.020626835256501948
2026-07-05 21:30:00,4.365608235986829,0.0
2026-07-05 21:40:00,6.7440812840908455,0.45200082817388054
2026-07-05 21:50:00,6.545780819319455,0.4213064520710125
2026-07-05 22:00:00,7.994870043614974,0.7469113068548078
2026-07-05 22:10:00,8.072414942116401,1.055462361413768
2026-07-05 22:20:00,6.471395428803778,0.4036704315603602
2026-07-05 22:30:00,3.885208078790709,0.0
2026-07-05 22:40:00,9.664088679789032,1.7171360434200655
2026-07-05 22:50:00,9.633754690515868,1.539966446402866
2026-07-05 23:00:00,7.275222563961668,0.8478849401146134
2026-07-05 23:10:00,8.2485093687037,1.1366805552486616
2026-07-05 23:20:00,8.74069885245653,1.2142471248713453
2026-07-05 23:30:00,15.466201173144249,3.0
2026-07-05 23:40:00,9.904767177348647,1.728064869436964
2026-07-05 23:50:00,7.095400095826956,0.6720857969632237
2026-07-06 00:00:00,3.1347292937078595,0.0
2026-07-06 00:10:00,4.514525546602302,0.01183179751387449
2026-07-06 00:20:00,6.644359511975216,0.42192500853729986
2026-07-06 00:30:00,6.115632689950212,0.4465924095902812
2026-07-06 00:40:00,6.14175276215693,0.24209955908112585
2026-07-06 00:50:00,7.747374270328703,0.8991246150219679
2026-07-06 01:00:00,6.068907167515845,0.35563300469493664
2026-07-06 01:10:00,9.919563345262898,1.8983706260464162
2026-07-06 01:20:00,5.005901586066365,0.20977612017073574
2026-07-06 01:30:00,-12.868312674115588,3.0
2026-07-06 01:40:00,15.244928583097153,3.0
2026-07-06 01:50:00,5.585008965156863,0.4264719999245077
2026-07-06 02:00:00,5.120462229286982,0.07015737804799142
2026-07-06 02:10:00,9.641909592281404,1.584964390749059
2026-07-06 02:20:00,9.704225619708065,-1.9416853816503934
2026-07-06 02:30:00,8.658778323008729,1.061092936892814
2026-07-06 02:40:00,9.666937898875087,1.5701046785088943
2026-07-06 02:50:00,3.2643027639333724,0.0
2026-07-06 03:00:00,5.038135653664258,0.015779366980808035
2026-07-06 03:10:00,8.730993492808722,1.2809518350385072
2026-07-06 03:20:00,7.957490710488754,0.8579450495489412
2026-07-06 03:30:00,,0.8648054360363829
2026-07-06 03:40:00,6.725235659332191,0.5154392158448374
2026-07-06 03:50:00,2.666995358245976,0.0
2026-07-06 04:00:00,6.105001724491744,0.22634786636783225
2026-07-06 04:10:00,11.521321509593669,-2.994515191699515
2026-07-06 04:20:00,5.484227240841775,0.23459105080155798
2026-07-06 04:30:00,9.989155613767728,1.8545162994952744
2026-07-06 04:40:00,5.717761321352272,0.20582081851056894
2026-07-06 04:50:00,9.916868205496048,1.789879964381656
2026-07-06 05:00:00,11.649655407289565,2.566541594348819
2026-07-06 05:10:00,4.56834139045738,0.21134971131252342
2026-07-06 05:20:00,8.899279686149065,1.3208859196627598
2026-07-06 05:30:00,1.3618114270462485,0.0
2026-07-06 05:40:00,3.701959786269902,0.0
2026-07-06 05:50:00,6.905192671558482,0.6259702591698053
2026-07-06 06:00:00,8.90228178400434,1.3552020483203147
2026-07-06 06:10:00,7.085287709154824,0.6702902597630072
2026-07-06 06:20:00,7.815664920125274,0.9357320881542479
2026-07-06 06:30:00,8.830316876705208,1.1581801596532693
2026-07-06 06:40:00,7.340117207376695,0.7304822739937932
2026-07-06 06:50:00,8.882848535938404,1.2052857568281685
2026-07-06 07:00:00,10.223871740600867,1.9577631351311242
2026-07-06 07:10:00,6.271197770443309,0.2662306866092309
2026-07-06 07:20:00,3.1668064119582042,0.06535670224881807
2026-07-06 07:30:00,3.6295225772790745,0.0928231031240695
2026-07-06 07:40:00,5.28895260161304,0.3074186334318111
2026-07-06 07:50:00,1.247984703122384,0.0
2026-07-06 08:00:00,8.946182535772275,1.3362489285655719
2026-07-06 08:10:00,11.160499739484052,2.495135663858231
2026-07-06 08:20:00,5.116875497833456,0.15239455488443443
2026-07-06 08:30:00,3.5928438411882544,0.008651302716725238
2026-07-06 08:40:00,12.330437960509213,3.0
2026-07-06 08:50:00,6.778427004528276,0.552945528193526
2026-07-06 09:00:00,7.574974487266976,
2026-07-06 09:10:00,9.307203425448392,1.4377718826289478
2026-07-06 09:20:00,7.187994717678226,0.6345374622648791
2026-07-06 09:30:00,6.945112915410503,0.5591360114323445
2026-07-06 09:40:00,8.58897879247295,1.2680309146243431
2026-07-06 09:50:00,6.566462132139616,0.4987048647279614
2026-07-06 10:00:00,5.7905244323863485,0.2595656108263003
2026-07-06 10:10:00,3.5964008425585483,0.05463273166730052
2026-07-06 10:20:00,7.698659798833063,0.7978649999736132
2026-07-06 10:30:00,3.922232093657888,0.07587412910514789
2026-07-06 10:40:00,5.464303554239314,0.1973811710414125
2026-07-06 10:50:00,12.95279083586238,3.0
2026-07-06 11:00:00,5.101302732476592,0.25326525007678724
2026-07-06 11:10:00,13.408090882739875,3.0
2026-07-06 11:20:00,9.26586872445217,1.3502156979167284
2026-07-06 11:30:00,11.031970198513617,2.4693518360101234
2026-07-06 11:40:00,8.546474015249188,1.0568492884165352
2026-07-06 11:50:00,1.9866073728158238,0.0
2026-07-06 12:00:00,6.648039656394717,0.47663829131356056
2026-07-06 12:10:00,2.961049108133059,0.0
2026-07-06 12:20:00,,0.14425295761148713
2026-07-06 12:30:00,11.733493217652542,2.7899396185674634
2026-07-06 12:40:00,6.746271041803654,0.5739575806476267
2026-07-06 12:50:00,4.168578292442288,0.061716074688132186
2026-07-06 13:00:00,7.098068004112685,0.5903923831823491
2026-07-06 13:10:00,7.034075957300258,0.6784837904326557
2026-07-06 13:20:00,9.007689583036198,
2026-07-06 13:30:00,10.61581796052127,2.0910236855942315
2026-07-06 13:40:00,3.699236165982236,0.0
2026-07-06 13:50:00,4.47448353648805,0.1489560719710239
2026-07-06 14:00:00,2.3829547362363606,0.0
2026-07-06 14:10:00,11.144187970671078,2.5459792998791735
2026-07-06 14:20:00,14.112671821829444,3.0
2026-07-06 14:30:00,5.878429286471829,0.3546463278840656
2026-07-06 14:40:00,6.513097854177798,0.3571727575014212
2026-07-06 14:50:00,6.18686517127211,0.3485921505880197
2026-07-06 15:00:00,6.222853062773938,0.5136358910841896
2026-07-06 15:10:00,5.973799245554485,0.38845762750513424
2026-07-06 15:20:00,7.758021024252525,0.8674829489933166
2026-07-06 15:30:00,8.637867328185008,1.091395105832574
2026-07-06 15:40:00,9.849460770129602,1.7501051259443021
2026-07-06 15:50:00,6.1917493457741815,0.3146214827776801
2026-07-06 16:00:00,8.917345740706974,3.478941026143887
2026-07-06 16:10:00,3.8383879843626465,0.06418762515848951
2026-07-06 16:20:00,5.2509930053108045,0.24330766434359394
2026-07-06 16:30:00,,2.142298694723823
2026-07-06 16:40:00,3.3989166575014544,0.09974646664893067
2026-07-06 16:50:00,2.899837707570316,-0.2
2026-07-06 17:00:00,4.0373629251526575,0.11622010770973892
2026-07-06 17:10:00,6.171336563426173,0.22420853969808843
2026-07-06 17:20:00,9.192003344317332,1.3148581619894206
2026-07-06 17:30:00,6.806416099726667,0.5259756042730187
2026-07-06 17:40:00,11.547770583231312,2.672668063329866
2026-07-06 17:50:00,9.654908708301488,1.5709193516123168
2026-07-06 18:00:00,7.815758330021342,0.7387811210871984
2026-07-06 18:10:00,11.365371798555833,2.764201329888958
2026-07-06 18:20:00,5.912221383992991,0.47418330151602067
2026-07-06 18:30:00,0.0,0.0
2026-07-06 18:40:00,8.788402344513933,1.3783794928937232
2026-07-06 18:50:00,,0.5362163311772591
2026-07-06 19:00:00,12.820964712366203,3.0
2026-07-06 19:10:00,11.366842406828535,2.701105889082938
2026-07-06 19:20:00,7.746765994078624,0.8429290573530592
2026-07-06 19:30:00,4.985812445658933,0.21353357456791683
2026-07-06 19:40:00,12.66421588951975,3.0
2026-07-06 19:50:00,7.830882148686983,0.8381112658694164
2026-07-06 20:00:00,13.558094779154278,3.0
2026-07-06 20:10:00,6.356237412574577,0.4415875815109525
2026-07-06 20:20:00,4.603314107956529,0.22367171686381748
2026-07-06 20:30:00,10.441489827579542,2.0740103248958266
2026-07-06 20:40:00,6.671990804452289,-0.619823346245538
2026-07-06 20:50:00,7.157997812314644,0.7122158143284292
2026-07-06 21:00:00,12.32085254325303,3.0
2026-07-06 21:10:00,7.0785921303339485,0.5405582397975885
2026-07-06 21:20:00,6.612283383135854,
2026-07-06 21:30:00,,0.5637071681479116
2026-07-06 21:40:00,5.375548368388188,0.1156840948905047
2026-07-06 21:50:00,6.358233946180143,0.6190137261338307
2026-07-06 22:00:00,,0.8009049266406009
2026-07-06 22:10:00,7.749346434489055,0.8205811687602225
2026-07-06 22:20:00,6.693933031043449,0.3863190124587237
2026-07-06 22:30:00,0.38382209872392803,0.0
2026-07-06 22:40:00,7.521022585505661,0.8378779929186393
2026-07-06 22:50:00,17.829979062159474,3.0
2026-07-06 23:00:00,,0.6635749823638268
2026-07-06 23:10:00,7.2488045331608895,
2026-07-06 23:20:00,7.686528171597246,-1.1122163823043663
2026-07-06 23:30:00,10.128905838673171,1.9410925745191
2026-07-06 23:40:00,11.9890731772045,2.9293524451552964
2026-07-06 23:50:00,6.848023755342719,0.5428388734208839
2026-07-07 00:00:00,10.227337262499653,1.974066193835918
2026-07-07 00:10:00,6.458727639648694,0.5206310973176647
2026-07-07 00:20:00,4.745522666983597,0.12042246482593452
2026-07-07 00:30:00,10.247134822714685,1.961432982079501
2026-07-07 00:40:00,7.139731043462179,0.7494738502268162
2026-07-07 00:50:00,-8.635523653110093,0.8916603688350068
2026-07-07 01:00:00,13.267980077984149,3.0
2026-07-07 01:10:00,8.310518127404903,1.0142364841874352
2026-07-07 01:20:00,2.1244497135735916,0.0
2026-07-07 01:30:00,10.312784860090138,1.8623887711336633
2026-07-07 01:40:00,3.3283160302806656,0.0
2026-07-07 01:50:00,4.818143608384471,0.14290267203731932
2026-07-07 02:00:00,10.106119019455273,1.8369650607907688
2026-07-07 02:10:00,5.206766698436556,0.16454011030977303
2026-07-07 02:20:00,7.28057219017549,0.7036912202505918
2026-07-07 02:30:00,5.685244031488088,0.3636895350864342
2026-07-07 02:40:00,11.592940433978931,2.6834411803962377
2026-07-07 02:50:00,6.099733645586914,0.4044505494448429
2026-07-07 03:00:00,9.31854197926121,1.5455702858266072
2026-07-07 03:10:00,-4.550880144474591,0.0
2026-07-07 03:20:00,11.345444986452371,2.5327327794135734
2026-07-07 03:30:00,9.915623627950469,1.8694925392567299
2026-07-07 03:40:00,9.257063655149441,1.4070611422815413
2026-07-07 03:50:00,7.060457571690943,0.5061434777613413
2026-07-07 04:00:00,7.57998651386598,0.6742268077694044
2026-07-07 04:10:00,11.2716007083556,2.535269324138341
2026-07-07 04:20:00,7.5704881599038885,0.801875377079817
2026-07-07 04:30:00,3.9162323918066164,0.19173835851844068
2026-07-07 04:40:00,7.285301341995259,0.7314641894448597
2026-07-07 04:50:00,4.235437906959056,0.09945704963894345
2026-07-07 05:00:00,7.880336703360779,0.9343889580569602
2026-07-07 05:10:00,2.4951932197612168,0.0
2026-07-07 05:20:00,7.990128334224547,0.9087128878449608
2026-07-07 05:30:00,9.674630903960185,-1.7531178105934118
2026-07-07 05:40:00,10.164108104207598,1.9233557567084645
2026-07-07 05:50:00,9.42585603068465,1.5768554529222778
2026-07-07 06:00:00,7.405672719245472,0.8195125601624796
2026-07-07 06:10:00,10.117623913181603,1.8423247975311294
2026-07-07 06:20:00,8.65164159968396,1.0641179800817133
2026-07-07 06:30:00,9.762472812528596,1.7314395697136231
2026-07-07 06:40:00,4.442638703321359,0.05134597485052963
2026-07-07 06:50:00,5.23745623253875,0.235143439652994
2026-07-07 07:00:00,-3.3648630275600135,0.0
2026-07-07 07:10:00,8.705550416667613,1.1580638120671374
2026-07-07 07:20:00,10.207402009830652,1.9227513167156367
2026-07-07 07:30:00,11.75878414689916,2.68768661052376
2026-07-07 07:40:00,3.0442901138643297,0.0
2026-07-07 07:50:00,12.690200738159229,3.0
2026-07-07 08:00:00,4.941692748915624,3.2952406958665486
2026-07-07 08:10:00,1.9846573413392194,0.0
2026-07-07 08:20:00,9.727167756946658,1.610126130348861
2026-07-07 08:30:00,7.745244338052292,0.8776117886844613
2026-07-07 08:40:00,1.837447695177616,0.0
2026-07-07 08:50:00,2.4890855322010648,0.0
2026-07-07 09:00:00,4.965055689799875,0.13076740947294224
2026-07-07 09:10:00,2.3650608187919406,0.0
2026-07-07 09:20:00,6.724653681555462,0.5774124653113661
2026-07-07 09:30:00,14.175100727683322,3.0
2026-07-07 09:40:00,13.917444988268473,3.0
2026-07-07 09:50:00,2.839399177856574,0.0
2026-07-07 10:00:00,7.799828266750982,0.8142584564708814
2026-07-07 10:10:00,6.7608495767982575,0.4691705979339263
2026-07-07 10:20:00,1.3433531486206949,0.0
2026-07-07 10:30:00,3.017155180190829,0.0
2026-07-07 10:40:00,4.094026908593867,0.16070118662692084
2026-07-07 10:50:00,2.8683853621224085,0.0
2026-07-07 11:00:00,9.701587786796766,1.6567489027016498
2026-07-07 11:10:00,3.215318896294508,0.0
2026-07-07 11:20:00,5.281598923820891,0.3139457253958817
2026-07-07 11:30:00,10.99556545920558,2.365830203110937
2026-07-07 11:40:00,5.270447705437897,0.30138381668649467
2026-07-07 11:50:00,7.254869984674936,0.6930153217360154
2026-07-07 12:00:00,6.99908641903645,0.6462825843256182
2026-07-07 12:10:00,6.750333278906283,0.5833419640310328
2026-07-07 12:20:00,8.082264507745958,0.9484623778042606
2026-07-07 12:30:00,3.5925141742038953,0.0
2026-07-07 12:40:00,12.663800914083504,3.0
2026-07-07 12:50:00,2.3010905531019272,0.0
2026-07-07 13:00:00,7.860202421209829,0.9005825224256724
2026-07-07 13:10:00,5.676510570942526,0.2970289287685989
2026-07-07 13:20:00,8.939474426171492,1.25664318109919
2026-07-07 13:30:00,8.473821299112288,1.0993445450787844
2026-07-07 13:40:00,5.432652569118737,0.0
2026-07-07 13:50:00,2.495226394367309,0.0
2026-07-07 14:00:00,10.045109662210148,1.7671372095190663
2026-07-07 14:10:00,4.1605307733726145,0.0
2026-07-07 14:20:00,,0.0
2026-07-07 14:30:00,4.078630395073323,-0.2503876063313881
2026-07-07 14:40:00,8.117716588361063,1.0247972763453563
2026-07-07 14:50:00,4.4351181025771105,0.02109798689536868
2026-07-07 15:00:00,11.666973922723379,2.772301575301225
2026-07-07 15:10:00,6.905506368327021,0.5805478163600436
2026-07-07 15:20:00,4.931583365467898,0.21231335242941723
2026-07-07 15:30:00,7.889430301924958,0.8466797353491542
2026-07-07 15:40:00,7.534049749446496,0.67499053390291
2026-07-07 15:50:00,8.0379034663471,0.8068861522638225
2026-07-07 16:00:00,12.194666666104695,3.0
2026-07-07 16:10:00,4.944369200431895,0.2366532798965964
2026-07-07 16:20:00,7.09890291842793,0.6308129038242122
2026-07-07 16:30:00,,0.5552332423419355
2026-07-07 16:40:00,8.937942246561734,1.3947688029133436
2026-07-07 16:50:00,4.013568011102531,0.09906913857715399
2026-07-07 17:00:00,2.9395977282587715,0.0
2026-07-07 17:10:00,0.0,0.0
2026-07-07 17:20:00,10.660825601829464,2.1533604766219274
2026-07-07 17:30:00,1.085630128251604,0.0
2026-07-07 17:40:00,7.920553251944127,0.9312033660041199
2026-07-07 17:50:00,8.045367284688385,-1.0872745245389455
2026-07-07 18:00:00,7.220492582838581,0.714956851756399
2026-07-07 18:10:00,-5.477344369928661,0.1272584489324648
2026-07-07 18:20:00,12.281454585808513,3.0
2026-07-07 18:30:00,6.422945707185073,0.5006650873357239
2026-07-07 18:40:00,1.3719930166563685,0.0
2026-07-07 18:50:00,6.945423082483495,0.5126845376845754
2026-07-07 19:00:00,8.468039060752703,1.2818322906520427
2026-07-07 19:10:00,5.825018594466718,0.2755006058221927
2026-07-07 19:20:00,10.656722375504698,2.2358686294141505
2026-07-07 19:30:00,9.401301122748018,1.4371576194633175
2026-07-07 19:40:00,8.257239990322088,0.9905089759450744
2026-07-07 19:50:00,1.9915373977000028,0.0
2026-07-07 20:00:00,11.044484265636061,2.395694997237248
2026-07-07 20:10:00,9.519833114520964,1.6390227950647678
2026-07-07 20:20:00,10.866145870505779,2.300790834947145
2026-07-07 20:30:00,8.24413119829229,0.8834533374046527
2026-07-07 20:40:00,6.463300302094423,0.5264861369238156
2026-07-07 20:50:00,9.357393680420742,1.417615421270674
2026-07-07 21:00:00,9.66072860874148,1.6869503053594836
2026-07-07 21:10:00,7.806687411668857,0.6942897101619516
2026-07-07 21:20:00,7.253180256693295,0.6809161422393953
2026-07-07 21:30:00,4.18084872676924,-0.32041069661664107
2026-07-07 21:40:00,3.3947220872485246,0.0
2026-07-07 21:50:00,9.722041414917678,1.6590307027793092
2026-07-07 22:00:00,8.561620107193978,1.2029156038076614
2026-07-07 22:10:00,4.828999338479616,0.1554148684290922
2026-07-07 22:20:00,6.105321825682008,0.3697717583637797
2026-07-07 22:30:00,2.3165257692771775,0.0
2026-07-07 22:40:00,6.689400768198465,
2026-07-07 22:50:00,4.781879546471675,0.053678383231710716
2026-07-07 23:00:00,10.645260175107856,2.153059078221042
2026-07-07 23:10:00,11.433533325606856,2.7544383347482824
2026-07-07 23:20:00,6.412260380061428,0.3666259869551204
2026-07-07 23:30:00,10.752434776425154,2.2631315723893413
2026-07-07 23:40:00,0.0,0.0
2026-07-07 23:50:00,3.255113296240626,0.1353014123589426
2026-07-08 00:00:00,5.818939914915302,0.30139041748261897
2026-07-08 00:10:00,6.379869792838821,0.5920644864935137
2026-07-08 00:20:00,11.652730730565956,2.756102139358775
2026-07-08 00:30:00,5.138500598588271,0.0
2026-07-08 00:40:00,7.369567495206828,0.6806981028664617
2026-07-08 00:50:00,9.163267150844636,1.397356749020382
2026-07-08 01:00:00,5.729718302607337,0.1578131912678836
2026-07-08 01:10:00,0.0,0.0
2026-07-08 01:20:00,8.490362119105928,1.1079541578882894
2026-07-08 01:30:00,0.0,3.525900103075192
2026-07-08 01:40:00,5.411014568784528,0.3978989301695435
2026-07-08 01:50:00,14.387500027020572,3.0
2026-07-08 02:00:00,4.360991884960737,0.005395801115090859
2026-07-08 02:10:00,8.967698151727637,1.3636785615949996
2026-07-08 02:20:00,-5.149776762737069,0.040267953827716765
2026-07-08 02:30:00,4.492138237226576,0.04938469148747743
2026-07-08 02:40:00,8.262137363620925,1.1241388461914148
2026-07-08 02:50:00,10.796595114491748,2.328335513323546
2026-07-08 03:00:00,6.578041896427929,0.5038515038087702
2026-07-08 03:10:00,6.75741224324469,0.6049043573681724
2026-07-08 03:20:00,0.0,0.0
2026-07-08 03:30:00,6.10738254413888,0.38799227641840534
2026-07-08 03:40:00,1.8981012456356847,0.0
2026-07-08 03:50:00,9.14792880151229,1.4008739381871436
2026-07-08 04:00:00,6.5064965668261125,
2026-07-08 04:10:00,11.288474754305952,2.401489947139439
2026-07-08 04:20:00,0.45049436049011504,0.0
2026-07-08 04:30:00,5.32347583184514,0.3211508162540355
2026-07-08 04:40:00,13.926257838760186,3.0
2026-07-08 04:50:00,8.247501475734417,0.8887119305325231
2026-07-08 05:00:00,4.1312060438029246,0.0
2026-07-08 05:10:00,4.200748512038057,0.03712169695556758
2026-07-08 05:20:00,7.996077143486018,0.8560856172396721
2026-07-08 05:30:00,12.46775016698891,3.0
2026-07-08 05:40:00,4.6230137998000895,
2026-07-08 05:50:00,9.038890324174142,1.4700909569938454
2026-07-08 06:00:00,8.445961722698307,1.153683097270678
2026-07-08 06:10:00,6.847745848852852,0.5588496382204348
2026-07-08 06:20:00,9.491128389779611,1.4012327244246816
2026-07-08 06:30:00,2.1527362228415434,0.0
2026-07-08 06:40:00,6.7002950198295075,0.55368511821075
2026-07-08 06:50:00,3.884785645438914,0.004453257624456589
2026-07-08 07:00:00,10.787721174853148,2.3434266001880117
2026-07-08 07:10:00,17.247331905150155,3.0
2026-07-08 07:20:00,4.1185556129949354,0.06793696201858992
2026-07-08 07:30:00,9.712366767908797,1.43708499002252
2026-07-08 07:40:00,5.774207294178895,0.3681406800581377
2026-07-08 07:50:00,2.9188234677608422,0.0
2026-07-08 08:00:00,7.506525341268374,0.8428403707705489
2026-07-08 08:10:00,9.177623269049134,1.397188483094207
2026-07-08 08:20:00,5.831382866707205,0.280557025770827
2026-07-08 08:30:00,8.828470458469747,1.2857993715776121
2026-07-08 08:40:00,6.668553388950673,-0.6341922873666536
2026-07-08 08:50:00,8.716141066805656,1.2570229639576898
2026-07-08 09:00:00,7.20299844354219,0.6686612525161066
2026-07-08 09:10:00,7.454814525131997,0.7862111826416162
2026-07-08 09:20:00,7.028264214656053,0.6945107403207831
2026-07-08 09:30:00,9.469695215600016,1.656984313217179
2026-07-08 09:40:00,17.350710228690453,3.0
2026-07-08 09:50:00,9.71232915371025,1.7504210468999775
2026-07-08 10:00:00,8.919157529291551,1.3201648103743575
2026-07-08 10:10:00,4.472779182430525,0.10163037136401634
2026-07-08 10:20:00,0.0,0.0
2026-07-08 10:30:00,2.0610562625407853,0.0
2026-07-08 10:40:00,9.150323992089206,1.5066887459348213
2026-07-08 10:50:00,5.7015600527415335,0.3582396133072795
2026-07-08 11:00:00,3.9025773086924866,0.0
2026-07-08 11:10:00,6.28606342578947,0.32776908965412677
2026-07-08 11:20:00,-5.988539705182532,0.10514381533198103
2026-07-08 11:30:00,5.209623948890274,0.08739239330803622
2026-07-08 11:40:00,6.032045049857588,0.448327845493307
2026-07-08 11:50:00,5.383344813423644,-0.32866986085274463
2026-07-08 12:00:00,1.7763746419803255,0.0
2026-07-08 12:10:00,4.337721894439338,0.06420115433024876
2026-07-08 12:20:00,6.063346953845686,0.43449701263050744
2026-07-08 12:30:00,5.2982594751995915,0.1600291570388324
2026-07-08 12:40:00,16.910153204878686,3.0
2026-07-08 12:50:00,5.8595649956168065,0.3459247804616382
2026-07-08 13:00:00,5.712867869324112,0.18282555338376116
2026-07-08 13:10:00,,2.0199164799648868
2026-07-08 13:20:00,2.8839589489520563,0.0
2026-07-08 13:30:00,5.52526550786931,0.29796796893780964
2026-07-08 13:40:00,10.570867628104791,2.1076304241846833
2026-07-08 13:50:00,11.378072025892507,2.70319004753342
2026-07-08 14:00:00,6.655281646034504,0.46668274511285107
2026-07-08 14:10:00,9.976682403664334,1.7506737295615458
2026-07-08 14:20:00,3.239046727351627,0.0
2026-07-08 14:30:00,7.573296749517596,0.724008131969222
2026-07-08 14:40:00,7.172607416195522,0.7084428622035243
2026-07-08 14:50:00,6.251149128649308,0.3456333904587398
2026-07-08 15:00:00,5.976092792238737,0.3807874163977677
2026-07-08 15:10:00,10.883032776928971,2.399151945239184
2026-07-08 15:20:00,7.570306583928348,0.8917148780970178
2026-07-08 15:30:00,12.407966179335393,3.0
2026-07-08 15:40:00,-5.735940146462988,
2026-07-08 15:50:00,4.391866950969267,0.14608873498403163
2026-07-08 16:00:00,5.249013253276817,0.07676666172175231
2026-07-08 16:10:00,8.06840210046711,0.806737820076409
2026-07-08 16:20:00,7.306484286643664,0.6146376310541053
2026-07-08 16:30:00,14.589169294295422,3.0
2026-07-08 16:40:00,6.759325075360349,0.6019695447585028
2026-07-08 16:50:00,6.371572068128409,0.39773926912934215
2026-07-08 17:00:00,5.071099441659756,0.19042075925291538
2026-07-08 17:10:00,7.4772273274990315,0.762734552736634
2026-07-08 17:20:00,9.670442204328562,1.7677304577646713
2026-07-08 17:30:00,9.311206844144753,1.4745353424499577
2026-07-08 17:40:00,0.0,0.0
2026-07-08 17:50:00,9.64942131158028,1.5660351496605072
2026-07-08 18:00:00,10.417532439640176,1.9759317481867869
2026-07-08 18:10:00,6.010177757191926,0.2906097855557779
2026-07-08 18:20:00,5.172052580586296,0.05652909589234267
2026-07-08 18:30:00,1.9218789761214428,0.0
2026-07-08 18:40:00,3.3769309366934284,0.0
2026-07-08 18:50:00,7.076975841350392,0.5548040904681952
2026-07-08 19:00:00,4.88219656465083,0.21475734527334306
2026-07-08 19:10:00,,0.11204447942224575
2026-07-08 19:20:00,3.051504405027277,0.04657648200954244
2026-07-08 19:30:00,6.9215501966104975,0.5834805090916687
2026-07-08 19:40:00,7.225929085181731,0.6911620817528874
2026-07-08 19:50:00,5.311918050365555,0.1951846663472256
2026-07-08 20:00:00,9.303867992456855,1.542210292227848
2026-07-08 20:10:00,8.664171230811666,1.093938196604336
2026-07-08 20:20:00,,0.7380848580631117
2026-07-08 20:30:00,2.003196813788252,0.0
2026-07-08 20:40:00,6.908001195932949,0.5946637571164279
2026-07-08 20:50:00,5.723023375182743,0.2794735856362484
2026-07-08 21:00:00,7.187273523861486,0.655877279357526
2026-07-08 21:10:00,6.344286291006704,0.44746824096946825
2026-07-08 21:20:00,7.258408406982853,0.704725544363166
2026-07-08 21:30:00,9.308202565002077,1.529232438189168
2026-07-08 21:40:00,5.134305068895287,0.12895797687723887
2026-07-08 21:50:00,7.698660128560916,0.8116410744813475
2026-07-08 22:00:00,7.756495172583209,0.8480785098142779
2026-07-08 22:10:00,7.4607044907365205,0.8509380051547006
2026-07-08 22:20:00,3.5581899539729855,0.021136576384383862
2026-07-08 22:30:00,5.197307792542521,0.23710844872212744
2026-07-08 22:40:00,9.612809114161257,1.5920941897018472
2026-07-08 22:50:00,10.471580769596727,2.1623456230326834
2026-07-08 23:00:00,12.342029378448713,3.0
2026-07-08 23:10:00,11.507849565086959,2.586668464452219
2026-07-08 23:20:00,8.555359248704178,1.15598887828336
2026-07-08 23:30:00,6.889843202264731,0.5292509944293766
2026-07-08 23:40:00,8.138127601802285,1.0001733207303367
2026-07-08 23:50:00,10.176536169553023,1.8350802011683671
2026-07-09 00:00:00,4.973899498324368,0.13214778817650533
2026-07-09 00:10:00,6.054300442539793,0.2294813270835962
2026-07-09 00:20:00,5.371115668594632,0.11438068985006879
2026-07-09 00:30:00,9.373249684502252,-1.6997193623238263
2026-07-09 00:40:00,7.219809817712067,0.6149450046778266
2026-07-09 00:50:00,7.995638574681294,0.9559668901471301
2026-07-09 01:00:00,1.023754503554601,0.0
2026-07-09 01:10:00,6.119277037552925,0.3341646919851059
2026-07-09 01:20:00,11.158287764175867,2.4704849370723307
2026-07-09 01:30:00,3.6075550425612297,0.0
2026-07-09 01:40:00,5.842729458426186,
2026-07-09 01:50:00,8.41506635025154,0.8973138756961687
2026-07-09 02:00:00,10.029743074228284,1.8509039352207954
2026-07-09 02:10:00,9.288111471343669,1.465707962431682
2026-07-09 02:20:00,4.5478182547671935,0.31077629362562775
2026-07-09 02:30:00,0.30109815971718845,0.0
2026-07-09 02:40:00,0.6352522717582554,0.0
2026-07-09 02:50:00,6.001785519351805,0.2423698888159882
2026-07-09 03:00:00,4.050368072968498,0.0670358691969737
2026-07-09 03:10:00,8.745501237630995,1.1589732081760333
2026-07-09 03:20:00,10.336437816795595,2.0177371470542766
2026-07-09 03:30:00,10.676582711603068,2.2735135241235827
2026-07-09 03:40:00,,0.9017818983718385
2026-07-09 03:50:00,4.363311783923743,0.1394308544904152
2026-07-09 04:00:00,6.982192219562719,0.671930726187575
2026-07-09 04:10:00,8.888876245041093,1.1822044029348946
2026-07-09 04:20:00,6.204596111082636,0.4300477127946205
2026-07-09 04:30:00,10.166248264123684,1.8331818792730166
2026-07-09 04:40:00,7.448537930791826,0.6733790562090265
2026-07-09 04:50:00,9.970703115447083,1.852063712035455
2026-07-09 05:00:00,5.949098218302308,0.3507311369797502
2026-07-09 05:10:00,4.197037107426745,0.11398066654583365
2026-07-09 05:20:00,7.382106975770757,0.7455576192003944
2026-07-09 05:30:00,5.068744197044313,0.09197499034317298
2026-07-09 05:40:00,4.773499722536697,0.09364138623901222
2026-07-09 05:50:00,7.872057783392068,0.8622223397096069
2026-07-09 06:00:00,5.16598769667899,0.13972401697642772
2026-07-09 06:10:00,6.7474785572791856,0.5373713927145868
2026-07-09 06:20:00,-1.2413325223589489,0.0
2026-07-09 06:30:00,12.376000363509664,3.0
2026-07-09 06:40:00,8.45706165829315,0.9696520343886235
2026-07-09 06:50:00,6.67022331481425,0.5459905390978379
2026-07-09 07:00:00,7.1879480860503175,0.7115855282216098
2026-07-09 07:10:00,8.795950143395698,1.138445618548133
2026-07-09 07:20:00,14.070274136310106,3.0
2026-07-09 07:30:00,6.5044629154809614,0.5439669512457649
2026-07-09 07:40:00,11.479037205400845,2.6135241139084946
2026-07-09 07:50:00,9.25816942132912,1.4679578667864972
2026-07-09 08:00:00,,0.0390294363439144
2026-07-09 08:10:00,7.757131257967155,0.8893398194395364
2026-07-09 08:20:00,7.570245727416263,0.7466780259220631
2026-07-09 08:30:00,9.395879754615782,1.6239092782587397
2026-07-09 08:40:00,6.72472088613892,0.567974802950306
2026-07-09 08:50:00,6.889429613625418,0.5410241599943267
2026-07-09 09:00:00,,1.9713501374622073
2026-07-09 09:10:00,3.427077565809033,0.24216757815012346
2026-07-09 09:20:00,7.602983826295055,0.7107191708344287
2026-07-09 09:30:00,,-1.6949841128157157
2026-07-09 09:40:00,7.808114515956074,0.8495279890587901
2026-07-09 09:50:00,9.165549597456632,1.4242733894694437
2026-07-09 10:00:00,6.979035107354383,0.5488331166398785
2026-07-09 10:10:00,8.22879936617915,1.0253048134447191
2026-07-09 10:20:00,4.732423176880847,0.14328721792936236
2026-07-09 10:30:00,4.585510368589784,0.08488920283728252
2026-07-09 10:40:00,3.5134543497694466,0.04957549159975622
2026-07-09 10:50:00,5.600364991258492,0.0
2026-07-09 11:00:00,10.496888984792033,2.061852387798175
2026-07-09 11:10:00,6.308219670052176,0.43579145286630133
2026-07-09 11:20:00,6.816542653512512,0.49343755655931215
2026-07-09 11:30:00,,0.0
2026-07-09 11:40:00,10.120514778002542,1.828008657072546
2026-07-09 11:50:00,,0.12770893103109404
2026-07-09 12:00:00,6.066675019347614,0.411266300170808
2026-07-09 12:10:00,6.396471344768406,0.34970758216765535
2026-07-09 12:20:00,6.4878467264624,0.5469770967137424
2026-07-09 12:30:00,7.218308628540644,0.5575016343764922
2026-07-09 12:40:00,16.495679347289254,3.0
2026-07-09 12:50:00,9.639827249063394,1.749279593102598
2026-07-09 13:00:00,8.418878519047158,1.0776718667251004
2026-07-09 13:10:00,0.12412295848323307,0.0
2026-07-09 13:20:00,5.210431898050141,0.09217307802854205
2026-07-09 13:30:00,11.103451123422364,2.5071548664394854
2026-07-09 13:40:00,6.5295144017412525,0.45063089606696116
2026-07-09 13:50:00,4.178456884297457,0.031808586392105834
2026-07-09 14:00:00,8.922252734804573,1.3542460949864243
2026-07-09 14:10:00,5.278751544167927,0.19798590065839583
2026-07-09 14:20:00,10.619501153738797,2.13108584537593
2026-07-09 14:30:00,7.316192745286713,0.6512139860489013
2026-07-09 14:40:00,4.762908358880024,0.11536654164872569
2026-07-09 14:50:00,14.291780274611426,3.0
2026-07-09 15:00:00,8.021882972433385,-1.1980853655488206
2026-07-09 15:10:00,5.955846449606561,0.20520214062360803
2026-07-09 15:20:00,2.750976688707496,0.0
2026-07-09 15:30:00,7.061352777266088,0.641809740216228
2026-07-09 15:40:00,6.804295210208936,0.5876213054385305
2026-07-09 15:50:00,4.716275417160395,0.0
2026-07-09 16:00:00,2.2624441776928013,0.0
2026-07-09 16:10:00,5.549476045837432,0.2532197628327095
2026-07-09 16:20:00,7.398445487123772,0.8725719015662525
2026-07-09 16:30:00,11.634098127034235,2.697881319439449
2026-07-09 16:40:00,6.649370431703445,0.46326395267657955
2026-07-09 16:50:00,8.711793838037195,1.3023703849456991
2026-07-09 17:00:00,11.45236566213704,2.6906207225308734
2026-07-09 17:10:00,0.0,0.0
2026-07-09 17:20:00,3.31770795478656,0.018332111745888825
2026-07-09 17:30:00,3.8701263069364775,0.006196249236210878
2026-07-09 17:40:00,10.866980253560317,2.333881467135919
2026-07-09 17:50:00,3.078623238460424,0.0
2026-07-09 18:00:00,0.9808067802424949,
2026-07-09 18:10:00,9.83692014238537,
2026-07-09 18:20:00,5.125640659770523,0.0643506866152544
2026-07-09 18:30:00,5.58760745529308,0.1036397895330026
2026-07-09 18:40:00,4.367873869569536,0.0
2026-07-09 18:50:00,3.61618843672952,0.0
2026-07-09 19:00:00,7.871069142599543,0.869800815614513
2026-07-09 19:10:00,9.862222511875745,1.7965963462021133
2026-07-09 19:20:00,10.184727244134224,1.8724240779324037
2026-07-09 19:30:00,1.4627434510802537,0.0
2026-07-09 19:40:00,7.922888175185249,0.7767896304385218
2026-07-09 19:50:00,10.646349702811449,2.2019298142214465
2026-07-09 20:00:00,5.535510557169253,0.115072529391069
2026-07-09 20:10:00,7.686105157480173,0.8396844646260347
2026-07-09 20:20:00,5.373637918017859,0.14948994102708452
2026-07-09 20:30:00,5.097796434002333,0.16473895283694265
2026-07-09 20:40:00,1.2729939869948836,0.0
2026-07-09 20:50:00,12.721921800138176,3.0
2026-07-09 21:00:00,-5.831216294840221,0.17839443588303014
2026-07-09 21:10:00,10.34488529733883,1.9461028072547935
2026-07-09 21:20:00,1.2198295465558076,0.0
2026-07-09 21:30:00,8.253986102437594,1.1601868392145152
2026-07-09 21:40:00,5.908606607105,0.3552545192325053
2026-07-09 21:50:00,2.332240367886077,0.0
2026-07-09 22:00:00,9.25914152025398,1.505659084728265
2026-07-09 22:10:00,4.7967341915456965,0.10138949442121384
2026-07-09 22:20:00,4.1274978608541115,3.881600329439525
2026-07-09 22:30:00,6.070006866807839,0.3752115427773228
2026-07-09 22:40:00,5.391986426563882,0.11146080431780377
2026-07-09 22:50:00,6.045908721448198,0.3622030434411233
2026-07-09 23:00:00,8.774150936582737,1.3051478400570342
2026-07-09 23:10:00,6.422078427331993,0.3699054842866081
2026-07-09 23:20:00,,0.0018416787471907947
2026-07-09 23:30:00,11.46328511842982,
2026-07-09 23:40:00,12.032433517967974,3.0
2026-07-09 23:50:00,4.312777089223327,0.024779382832549796
2026-07-10 00:00:00,0.0,0.0
2026-07-10 00:10:00,8.14146506375058,1.1053239682915947
2026-07-10 00:20:00,5.2521062770009355,0.1414817650275778
2026-07-10 00:30:00,7.212498327285206,0.6428333119179654
2026-07-10 00:40:00,4.986748576842152,0.0925809851002293
2026-07-10 00:50:00,11.21005362752311,2.730181929393272
2026-07-10 01:00:00,4.646352285593052,0.0132218002471325
2026-07-10 01:10:00,8.668780305117597,1.2003393666480897
2026-07-10 01:20:00,8.811330305566708,1.2796130942893054
2026-07-10 01:30:00,11.477365312521194,
2026-07-10 01:40:00,6.458285209576598,0.386583815860057
2026-07-10 01:50:00,5.067626340045004,0.2499417375835733
2026-07-10 02:00:00,5.635087801314967,0.34600958497855766
2026-07-10 02:10:00,10.514070431590302,2.0314072792917637
2026-07-10 02:20:00,11.15328111377139,2.481584283383757
2026-07-10 02:30:00,12.466323281641976,3.0
2026-07-10 02:40:00,5.76462740878831,0.3247770102010569
2026-07-10 02:50:00,7.0320617324867944,0.5330398947254366
2026-07-10 03:00:00,8.344587319549454,1.074699200733192
2026-07-10 03:10:00,7.3283046574800625,0.636578335175047
2026-07-10 03:20:00,11.474754425025164,3.8930391992100395
2026-07-10 03:30:00,11.0596475016096,2.3456549463637724
2026-07-10 03:40:00,9.806745839413303,1.7775955641884238
2026-07-10 03:50:00,6.513469885723832,0.519464434835667
2026-07-10 04:00:00,6.176136928893505,0.49220640271437155
2026-07-10 04:10:00,6.61556590795356,0.5054045204275195
2026-07-10 04:20:00,8.21697336927134,1.0141664935683417
2026-07-10 04:30:00,12.358658511913895,3.0
2026-07-10 04:40:00,9.471079615639805,-1.7209435584634794
2026-07-10 04:50:00,4.046799867708755,0.1095684576257864
2026-07-10 05:00:00,4.788469806952991,0.04642813462994205
2026-07-10 05:10:00,6.0905546651039835,0.39487981738214456
2026-07-10 05:20:00,11.105728113364822,2.40115835856904
2026-07-10 05:30:00,9.35115352393208,1.3250224447627734
2026-07-10 05:40:00,10.100684063713011,1.962681204180292
2026-07-10 05:50:00,5.656706127440266,0.36754579864440073
2026-07-10 06:00:00,2.877086979461371,0.0
2026-07-10 06:10:00,6.2903355189689565,0.5214342640695095
2026-07-10 06:20:00,8.775671030595637,1.2318385668045226
2026-07-10 06:30:00,10.904994653176367,2.3044419058176557
2026-07-10 06:40:00,8.664845653839294,1.3374189257878957
2026-07-10 06:50:00,9.627034103214061,1.5904236382030037
2026-07-10 07:00:00,5.775828353856524,0.22562579563311985
2026-07-10 07:10:00,6.059078275186305,0.3512064053433484
2026-07-10 07:20:00,7.327974551670269,-0.843256215913059
2026-07-10 07:30:00,5.746655345059088,0.29093851605027216
2026-07-10 07:40:00,8.09154918526351,0.8488320315695711
2026-07-10 07:50:00,7.956155877633884,0.8583369981933988
2026-07-10 08:00:00,3.639457236400948,0.06900047260058614
2026-07-10 08:10:00,11.574936938658166,2.7457743561650862
2026-07-10 08:20:00,4.229774280418885,0.0
2026-07-10 08:30:00,10.037767225125652,1.8339137744571539
2026-07-10 08:40:00,-5.589362483495401,0.15592231178069707
2026-07-10 08:50:00,7.365270512172162,0.703419718331945
2026-07-10 09:00:00,6.7257565799765295,0.4643382592433667
2026-07-10 09:10:00,1.235690297418957,
2026-07-10 09:20:00,7.97811832302966,0.9741795304153686
2026-07-10 09:30:00,3.394061141627156,3.5111252098842964
2026-07-10 09:40:00,0.0,0.0
2026-07-10 09:50:00,10.767285815384437,2.309597988231878
2026-07-10 10:00:00,4.823878179471027,0.1533365978267622
2026-07-10 10:10:00,1.140308848836825,0.0
2026-07-10 10:20:00,15.316895511849301,3.0
2026-07-10 10:30:00,10.039488280134567,1.8911375098097414
2026-07-10 10:40:00,5.866447298115802,0.3730699713550969
2026-07-10 10:50:00,4.568013399808809,0.13413511854927876
2026-07-10 11:00:00,8.54403250981427,1.2471533512796444
2026-07-10 11:10:00,0.0,0.0
2026-07-10 11:20:00,3.7551783264480987,0.10599195767865073
2026-07-10 11:30:00,5.303309059672727,0.22345491698546732
2026-07-10 11:40:00,7.745217478069249,0.8122080371899729
2026-07-10 11:50:00,10.569838373794877,2.011515298998981
2026-07-10 12:00:00,7.960670147842554,0.9654479059861785
2026-07-10 12:10:00,8.04637161357213,0.9689558371280282
2026-07-10 12:20:00,4.3405113027557825,0.30193998763539454
2026-07-10 12:30:00,5.768563977232327,0.28581936815230863
2026-07-10 12:40:00,11.576203495853147,2.67549782639641
2026-07-10 12:50:00,8.16689526127753,0.9068891152113462
2026-07-10 13:00:00,5.712348875419487,0.17137801677442083
2026-07-10 13:10:00,8.358856762227719,0.936368201295473
2026-07-10 13:20:00,5.206312114138347,0.23311535850645665
2026-07-10 13:30:00,7.680891826175294,0.7486251622567834
2026-07-10 13:40:00,5.067585083930851,
2026-07-10 13:50:00,13.109823610840234,3.0
2026-07-10 14:00:00,3.204249011474702,0.04357227925150499
2026-07-10 14:10:00,6.730915460276402,0.5141046992732561
2026-07-10 14:20:00,7.677317114781789,0.7234518216329552
2026-07-10 14:30:00,11.414068914936422,2.645107692199451
2026-07-10 14:40:00,3.0803117965101827,0.0
2026-07-10 14:50:00,5.2371883940316515,0.12868951046341906
2026-07-10 15:00:00,7.130142179367967,0.46844550007325686
2026-07-10 15:10:00,10.279877280656944,2.0412112729202394
2026-07-10 15:20:00,15.218182588879582,3.0
2026-07-10 15:30:00,5.103674210008883,0.08514919702836243
2026-07-10 15:40:00,6.329715294751313,0.4026979103507585
2026-07-10 15:50:00,13.864817699596388,
2026-07-10 16:00:00,7.4161008048187655,0.6781482969441824
2026-07-10 16:10:00,3.890665204009268,0.0
2026-07-10 16:20:00,8.844172450054966,1.322159527771102
2026-07-10 16:30:00,7.384860490538532,0.7882199662345989
2026-07-10 16:40:00,4.403331023797081,0.0
2026-07-10 16:50:00,9.388361513672141,1.4088964081296045
2026-07-10 17:00:00,9.014756189746567,1.536892354723189
2026-07-10 17:10:00,-6.181871663565171,0.2620610851223871
2026-07-10 17:20:00,10.889931497447126,2.18917741126219
2026-07-10 17:30:00,2.3908920770865763,0.0
2026-07-10 17:40:00,6.587430739168285,0.5747219224086313
2026-07-10 17:50:00,7.217858873572914,0.49127437704787685
2026-07-10 18:00:00,11.724911025677551,2.8520050346610684
2026-07-10 18:10:00,4.701692365693253,0.0
2026-07-10 18:20:00,8.752516356386263,1.326304168928007
2026-07-10 18:30:00,8.88908969451174,1.2717019950494102
2026-07-10 18:40:00,9.847460341107261,1.602065002578305
2026-07-10 18:50:00,9.151388822916969,1.3732829722388804
2026-07-10 19:00:00,8.687123134168294,1.1334282986809452
2026-07-10 19:10:00,5.84890895908757,0.3076148371090113
2026-07-10 19:20:00,9.21565836886231,1.3690770255768792
2026-07-10 19:30:00,9.588604983905979,1.6132670896537529
2026-07-10 19:40:00,11.27098740409027,2.6707895514966618
2026-07-10 19:50:00,3.650583353334641,0.0
2026-07-10 20:00:00,,0.13043282810046247
2026-07-10 20:10:00,8.002753045506307,0.8178978329145868
2026-07-10 20:20:00,,1.0038072083481537
2026-07-10 20:30:00,8.513598157213204,1.1926337844854105
2026-07-10 20:40:00,4.459140763555055,0.04515814442055578
2026-07-10 20:50:00,4.41903391698062,0.11208905537983445
2026-07-10 21:00:00,6.994271232571806,0.6126592843942109
2026-07-10 21:10:00,13.0214649468481,3.0
2026-07-10 21:20:00,4.885804558206995,0.12536719498070395
2026-07-10 21:30:00,2.2562575589115736,0.0
2026-07-10 21:40:00,6.91316628824985,0.6039214993498483
2026-07-10 21:50:00,7.505740586780078,
2026-07-10 22:00:00,8.945156773328188,1.4056546254650713
2026-07-10 22:10:00,0.0,0.0
2026-07-10 22:20:00,0.10639933436005666,0.0
2026-07-10 22:30:00,10.436888039383579,2.0787225249243426
2026-07-10 22:40:00,3.4762441355477995,0.0
2026-07-10 22:50:00,10.336909629447128,2.0295015327489745
2026-07-10 23:00:00,6.276005350284833,0.3571398851445267
2026-07-10 23:10:00,-7.657422572900818,0.6776017836224982
2026-07-10 23:20:00,4.053777518670033,0.2489603110691789
2026-07-10 23:30:00,,0.6948111149887666
2026-07-10 23:40:00,0.28010549330818435,0.0
2026-07-10 23:50:00,6.077002709437837,0.309232768579492
2026-07-11 00:00:00,7.660607916126562,0.7354820949353672
2026-07-11 00:10:00,8.514342002706396,1.090930057261899
2026-07-11 00:20:00,5.33373326204188,0.1707028553592663
2026-07-11 00:30:00,9.015987660079615,1.3739721586137603
2026-07-11 00:40:00,,3.0
2026-07-11 00:50:00,8.078545113601814,0.8389703436006051
2026-07-11 01:00:00,-5.083090964674337,0.08472885265660057
2026-07-11 01:10:00,7.438225567101491,0.5242066641871566
2026-07-11 01:20:00,4.882545262987465,0.2617715254808639
2026-07-11 01:30:00,11.953610485846351,3.0
2026-07-11 01:40:00,6.926677133119831,0.4771756879343933
2026-07-11 01:50:00,5.127793337424369,0.11454051799955682
2026-07-11 02:00:00,4.238067536145824,0.1617444039331799
2026-07-11 02:10:00,1.8029664657381437,0.0
2026-07-11 02:20:00,8.89049017802506,1.3118203680338623
2026-07-11 02:30:00,2.9359337639711613,0.0
2026-07-11 02:40:00,8.361359474537114,0.9813308356897243
2026-07-11 02:50:00,10.175733005644682,1.9840212108258806
2026-07-11 03:00:00,7.6156527625897406,0.9234295182036989
2026-07-11 03:10:00,5.683669367555566,0.37145170650104464
2026-07-11 03:20:00,11.544830074085635,2.652887294097963
2026-07-11 03:30:00,7.19365828867695,0.547177010529446
2026-07-11 03:40:00,8.443170731951488,0.9877247547060544
2026-07-11 03:50:00,6.3102765559361,0.4717266669007424
2026-07-11 04:00:00,12.792087676127895,3.0
2026-07-11 04:10:00,7.182900053287688,0.6145171210074833
2026-07-11 04:20:00,8.791409841893065,1.2606660669149417
2026-07-11 04:30:00,10.2203854645205,1.9002016504310775
2026-07-11 04:40:00,3.095554842961571,0.06929540811700698
2026-07-11 04:50:00,7.078710884333907,0.49977661793388156
2026-07-11 05:00:00,12.905736638481908,3.0
2026-07-11 05:10:00,1.346103178287823,0.0
2026-07-11 05:20:00,5.655476672110508,0.24999695449634976
2026-07-11 05:30:00,9.652996621411532,1.6712041497021777
2026-07-11 05:40:00,8.321736680319757,0.9929300751100038
2026-07-11 05:50:00,9.360577896418596,1.382181473092931
2026-07-11 06:00:00,5.210788418018721,0.12438032571989426
2026-07-11 06:10:00,7.142489972365671,0.5395914282914941
2026-07-11 06:20:00,7.5786902939600935,-0.9170062888084349
2026-07-11 06:30:00,8.52401533370126,0.9698019218005828
2026-07-11 06:40:00,3.079027064561636,0.04126721212907801
2026-07-11 06:50:00,5.974662898700048,0.31541447259267424
2026-07-11 07:00:00,7.029185092628422,0.5263994824642729
2026-07-11 07:10:00,1.7887841994244589,0.0
2026-07-11 07:20:00,9.869447577437551,1.7705340742099973
2026-07-11 07:30:00,1.5432757206701124,0.0
2026-07-11 07:40:00,-8.079673666469358,0.8304930408630663
2026-07-11 07:50:00,,2.3581546298488996
2026-07-11 08:00:00,9.902259786722974,1.75240847693916
2026-07-11 08:10:00,6.907216007749195,0.570573060875501
2026-07-11 08:20:00,4.153246012858742,0.18030922520676404
2026-07-11 08:30:00,8.087676129384057,0.9275320417350744
2026-07-11 08:40:00,5.647391201571763,0.17943672054870302
2026-07-11 08:50:00,5.242631595308673,0.20348995858552243
2026-07-11 09:00:00,6.069499925141193,0.23353406507769156
2026-07-11 09:10:00,5.931172491042,0.40364802725985605
2026-07-11 09:20:00,5.400503263810151,0.10386533756519369
2026-07-11 09:30:00,3.7297145888918326,0.0
2026-07-11 09:40:00,7.683774234889696,0.7649793865746326
2026-07-11 09:50:00,6.78047609687965,0.6600191010579731
2026-07-11 10:00:00,,1.7229120047420192
2026-07-11 10:10:00,11.970756707732397,3.0
2026-07-11 10:20:00,10.81639681891897,2.35768147415329
2026-07-11 10:30:00,10.951247805160147,2.2634338873998203
2026-07-11 10:40:00,9.148176933317522,1.3144627711843604
2026-07-11 10:50:00,8.159281462417717,1.03865757287642
2026-07-11 11:00:00,5.928386930403873,0.20773532012942064
2026-07-11 11:10:00,6.967937422004225,0.5990785763729554
2026-07-11 11:20:00,3.0100501763227667,0.0
2026-07-11 11:30:00,5.030842773496044,0.2667632408541559
2026-07-11 11:40:00,11.723838397098696,2.708683512904243
2026-07-11 11:50:00,,1.4954462978132268
2026-07-11 12:00:00,7.7455660059036315,0.7885550664717598
2026-07-11 12:10:00,7.811182666626835,-1.2278542113197357
2026-07-11 12:20:00,4.671056409874588,0.07266218415902932
2026-07-11 12:30:00,9.814726646692236,1.6614037284218313
2026-07-11 12:40:00,9.017382328364473,1.452702747874293
2026-07-11 12:50:00,7.305988148287348,0.7071522768701249
2026-07-11 13:00:00,3.747208177477719,0.07387273424826599
2026-07-11 13:10:00,-7.375122291716819,0.5217631353228613
2026-07-11 13:20:00,11.768284031789667,2.885386176860144
2026-07-11 13:30:00,8.511074853553524,0.9490658000502534
2026-07-11 13:40:00,8.749728892194423,1.3577028692559587
2026-07-11 13:50:00,8.46076568606871,1.1099667281872714
2026-07-11 14:00:00,2.7731811816234764,0.0
2026-07-11 14:10:00,4.898677917916092,0.0990142716794235
2026-07-11 14:20:00,7.773424263424208,0.814728401381154
2026-07-11 14:30:00,,1.2315395561690234
2026-07-11 14:40:00,6.56047987807634,0.37396839455355946
2026-07-11 14:50:00,9.664695376983644,-1.8809727961551306
2026-07-11 15:00:00,10.064820378482118,1.841192300517886
2026-07-11 15:10:00,5.4148576564974515,0.2629853357272678
2026-07-11 15:20:00,8.295797052011714,1.027826535080837
2026-07-11 15:30:00,0.8546707181197704,0.0
2026-07-11 15:40:00,7.871358531746115,0.8743962952937049
2026-07-11 15:50:00,6.897984142131955,0.5447121396638647
2026-07-11 16:00:00,5.743210414415175,0.12919866019587914
2026-07-11 16:10:00,5.063832326510271,0.08400469175065921
2026-07-11 16:20:00,7.297963718966389,0.6014960923820396
2026-07-11 16:30:00,5.354830592631605,0.26625295035456226
2026-07-11 16:40:00,6.15016417564355,0.48045747232542224
2026-07-11 16:50:00,3.474359901488335,0.03853994280545858
2026-07-11 17:00:00,8.432014629800813,1.0901428687651837
2026-07-11 17:10:00,2.642178455145765,0.0
2026-07-11 17:20:00,3.0196110405782246,0.06756508293108761
2026-07-11 17:30:00,12.464451587773418,3.0
2026-07-11 17:40:00,8.674830046939455,0.9616471077492981
2026-07-11 17:50:00,11.31309734822349,2.4968334811926827
2026-07-11 18:00:00,5.793976535013208,0.3422692009740532
2026-07-11 18:10:00,4.308288989195736,0.0
2026-07-11 18:20:00,8.513235984926293,1.1621674824809904
2026-07-11 18:30:00,13.139386150109182,3.0
2026-07-11 18:40:00,0.9491081122737572,0.0
2026-07-11 18:50:00,3.1926981015654263,0.0
2026-07-11 19:00:00,1.1231931096260759,0.0
2026-07-11 19:10:00,3.200282208943193,0.0
2026-07-11 19:20:00,6.574584209535955,0.4549351475820186
2026-07-11 19:30:00,10.024887306353225,1.8344278505493383
2026-07-11 19:40:00,9.16367099485784,1.3238407333834388
2026-07-11 19:50:00,6.784139560100081,0.6761534274691062
2026-07-11 20:00:00,5.857700944553852,0.29876062825225086
2026-07-11 20:10:00,7.195953402980782,0.7716303052197139
2026-07-11 20:20:00,0.7168904201301665,0.0
2026-07-11 20:30:00,7.329090296715665,0.713429384368525
2026-07-11 20:40:00,4.031225894672639,0.07699596130385053
2026-07-11 20:50:00,4.734980575822621,0.18487637092418946
2026-07-11 21:00:00,8.574115946076596,1.1813200569745395
2026-07-11 21:10:00,9.364346722852137,1.5107779576887985
2026-07-11 21:20:00,8.68779570616257,1.1133090976268338
2026-07-11 21:30:00,6.043385109910815,0.23492512322337405
2026-07-11 21:40:00,6.029433369058059,0.3340476911710819
2026-07-11 21:50:00,8.316066525403802,1.061834627471064
2026-07-11 22:00:00,6.291430617566097,0.36349715116273285
2026-07-11 22:10:00,3.248749824478416,0.0
2026-07-11 22:20:00,10.512650296232783,2.061894980221444
2026-07-11 22:30:00,5.600021839047843,0.39627427748016397
2026-07-11 22:40:00,2.1402769459567113,0.0
2026-07-11 22:50:00,2.164985838758998,0.0
2026-07-11 23:00:00,6.228387133309753,0.4744891540342815
2026-07-11 23:10:00,10.530580779185769,2.104485826965057
2026-07-11 23:20:00,10.84670163016437,2.323856019429845
2026-07-11 23:30:00,-9.351450735421082,1.5110132506760943
2026-07-11 23:40:00,3.3381085632216614,0.0
2026-07-11 23:50:00,7.312177330624013,0.8172678155689013
2026-07-12 00:00:00,10.8660608633406,2.367238189449264
2026-07-12 00:10:00,3.4910071822619893,0.049462201466286285
2026-07-12 00:20:00,6.062798515940806,0.3664942990717512
2026-07-12 00:30:00,5.446777778674435,0.08965841479483852
2026-07-12 00:40:00,13.600949647479466,3.0
2026-07-12 00:50:00,10.718041821197374,2.1703721503165907
2026-07-12 01:00:00,9.057781136660946,1.1815453228337933
2026-07-12 01:10:00,12.782415635220385,3.0
2026-07-12 01:20:00,8.038105647182023,0.9020094806546125
2026-07-12 01:30:00,7.723428513964647,0.991863988818055
2026-07-12 01:40:00,12.24689521857567,3.0
2026-07-12 01:50:00,6.678729598983737,0.5798724223368319
2026-07-12 02:00:00,2.891117458820333,0.0
2026-07-12 02:10:00,10.664873097819553,2.208395684911168
2026-07-12 02:20:00,5.929339401407676,0.41542124215293696
2026-07-12 02:30:00,11.664571703403922,2.817824038018846
2026-07-12 02:40:00,0.24457235787845732,0.0
2026-07-12 02:50:00,,2.0922006173037353
2026-07-12 03:00:00,8.275229041112706,0.949416383494659
2026-07-12 03:10:00,5.694464378516796,0.21767209757234146
2026-07-12 03:20:00,6.181781884358759,0.2588833519243408
2026-07-12 03:30:00,8.849340793174921,1.169529603488129
2026-07-12 03:40:00,6.78693534071808,0.3821598159972855
2026-07-12 03:50:00,7.974840420135519,0.9447283544643723
2026-07-12 04:00:00,6.7750679559131495,0.4287649102599044
2026-07-12 04:10:00,7.4816859943844864,0.7729113671090503
2026-07-12 04:20:00,9.199031517488512,1.2957508970192864
2026-07-12 04:30:00,2.099791618648097,0.0
2026-07-12 04:40:00,6.453559062801423,0.4342401893913212
2026-07-12 04:50:00,8.027415934718059,0.8366451265217711
2026-07-12 05:00:00,5.205250962766213,0.0
2026-07-12 05:10:00,12.424563714058655,3.0
2026-07-12 05:20:00,4.494287858333818,0.0
2026-07-12 05:30:00,6.06172463982628,0.3616410091887324
2026-07-12 05:40:00,4.908307017424665,0.14137100603805242
2026-07-12 05:50:00,9.559648250792495,1.6394130915626122
2026-07-12 06:00:00,8.076444513516236,0.9692273148148759
2026-07-12 06:10:00,12.815646755584305,3.0
2026-07-12 06:20:00,4.715813896901858,0.01902787639030533
2026-07-12 06:30:00,3.871684627415491,0.09898403492470755
2026-07-12 06:40:00,6.8206648673883095,0.5218162299543626
2026-07-12 06:50:00,7.768095131092674,0.8142120805521231
2026-07-12 07:00:00,10.049194253991294,1.8557791759972586
2026-07-12 07:10:00,9.357947620094762,1.5325768496211887
2026-07-12 07:20:00,5.294587909228735,0.19058509095438164
2026-07-12 07:30:00,6.465868632763357,0.4156025527156933
2026-07-12 07:40:00,5.607316148866095,0.316505537842492
2026-07-12 07:50:00,11.557207051745639,2.793597515977804
2026-07-12 08:00:00,3.305842265753972,0.041075127498635115
2026-07-12 08:10:00,10.994060418775845,2.351924523722253
2026-07-12 08:20:00,5.171688486449469,0.1502302137708403
2026-07-12 08:30:00,8.349316281127418,0.9204074747610169
2026-07-12 08:40:00,7.126976964159491,0.7728960919952711
2026-07-12 08:50:00,6.8195446433618505,0.46165089268753207
2026-07-12 09:00:00,0.6429571561924803,0.0
2026-07-12 09:10:00,4.143185929702094,0.10845319002409101
2026-07-12 09:20:00,9.21314127515797,1.4824433273300892
2026-07-12 09:30:00,0.8131290420424957,0.0
2026-07-12 09:40:00,12.149874278607104,3.0
2026-07-12 09:50:00,10.185458117119488,1.9090174401018665
2026-07-12 10:00:00,4.821065232114326,0.25427981415689205
2026-07-12 10:10:00,10.86801743356109,2.2370533521413796
2026-07-12 10:20:00,6.281767848565271,0.40288748595364243
2026-07-12 10:30:00,5.072343976868723,0.0833033053967501
2026-07-12 10:40:00,12.523091745570955,3.0
2026-07-12 10:50:00,10.851794698499678,2.1884155439331545
2026-07-12 11:00:00,5.09025188491996,0.08923615070416954
2026-07-12 11:10:00,6.991341536345919,0.7640639021825635
2026-07-12 11:20:00,10.182890605305477,2.036430470636346
2026-07-12 11:30:00,7.247957206025156,0.5327655530349559
2026-07-12 11:40:00,6.824324096984613,0.60693051483657
2026-07-12 11:50:00,3.971598961369263,0.004993986139630858
2026-07-12 12:00:00,7.131470085397568,0.5713818628421613
2026-07-12 12:10:00,11.433488173934652,2.5959771230684696
2026-07-12 12:20:00,7.0492657659652345,0.7564651229726871
2026-07-12 12:30:00,7.130305404459438,0.6771175693565583
2026-07-12 12:40:00,7.748753226481944,0.780987405323406
2026-07-12 12:50:00,6.967466841456823,0.5277563022368937
2026-07-12 13:00:00,9.453791787669712,1.4814644982011065
2026-07-12 13:10:00,8.053900417997696,0.901063257567438
2026-07-12 13:20:00,6.3205659341053995,0.48675674408240677
2026-07-12 13:30:00,1.9953232375190781,0.0
2026-07-12 13:40:00,12.693783937247023,3.0
2026-07-12 13:50:00,5.736056844509425,
2026-07-12 14:00:00,7.898433863760998,0.982968498953765
2026-07-12 14:10:00,7.3344975012552505,0.6263062610381757
2026-07-12 14:20:00,6.959306529872906,0.611001309150635
2026-07-12 14:30:00,11.565331105881587,2.776700933329593
2026-07-12 14:40:00,1.6633669300699143,0.0
2026-07-12 14:50:00,8.029698055746687,0.8900804350771134
2026-07-12 15:00:00,5.752254483438087,0.2851806102628625
2026-07-12 15:10:00,6.199525039874921,0.4076846799058646
2026-07-12 15:20:00,3.4853984762319157,3.602878613717984
2026-07-12 15:30:00,7.807266360745826,0.7096227022233789
2026-07-12 15:40:00,8.669351807482656,1.272060302307784
2026-07-12 15:50:00,4.0255831683752294,0.0
2026-07-12 16:00:00,9.40929153896085,1.4766162192917098
2026-07-12 16:10:00,7.100620100077714,0.5297585381355451
2026-07-12 16:20:00,7.090387801657865,0.6669181402059623
2026-07-12 16:30:00,5.973570408337225,0.37762539808940615
2026-07-12 16:40:00,3.4965984503073213,0.0
2026-07-12 16:50:00,16.20345028876884,3.0
2026-07-12 17:00:00,12.831634292930353,3.0
2026-07-12 17:10:00,4.8564144556002296,
2026-07-12 17:20:00,0.33633990860569085,0.0
2026-07-12 17:30:00,11.589440825880825,2.727216463257015
2026-07-12 17:40:00,8.55677931615712,1.1147472402164236
2026-07-12 17:50:00,3.8016343862802944,0.027631582020311823
2026-07-12 18:00:00,6.230957310539693,0.30983333904606447
2026-07-12 18:10:00,5.741047946684681,0.29999333010771184
2026-07-12 18:20:00,8.433551010663635,1.017345342727501
2026-07-12 18:30:00,7.687098290959838,0.864756300651866
2026-07-12 18:40:00,2.652604799075709,0.0
2026-07-12 18:50:00,7.034269555117311,0.7317763626845202
2026-07-12 19:00:00,3.138338931385623,0.01989770443129612
2026-07-12 19:10:00,8.108864591824021,0.8086504195308207
2026-07-12 19:20:00,6.780269417234674,0.4918562820255751
2026-07-12 19:30:00,5.4950657014962,0.22036919687891315
2026-07-12 19:40:00,7.001565789932883,0.6358371720240601
2026-07-12 19:50:00,5.961279802403627,0.3109335879929249
2026-07-12 20:00:00,,0.28906865195136544
2026-07-12 20:10:00,8.49411431294387,0.9620274419164838
2026-07-12 20:20:00,7.7406071736714415,0.7380017978680179
2026-07-12 20:30:00,9.110775908214874,1.308944076151112
2026-07-12 20:40:00,11.53760292095658,2.7668277515563098
2026-07-12 20:50:00,7.549931858640218,0.8324946550149943
2026-07-12 21:00:00,3.6124570146812145,0.05824210413969866
2026-07-12 21:10:00,,1.3399233754214273
2026-07-12 21:20:00,11.649553537570359,2.9681512428747383
2026-07-12 21:30:00,8.415937783744559,1.0767266237392035
2026-07-12 21:40:00,3.386255591619421,0.0014306731939621418
2026-07-12 21:50:00,,0.6570878011653475
2026-07-12 22:00:00,5.904449188962512,0.31664698316371565
2026-07-12 22:10:00,6.193367502557519,0.3431869688216245
2026-07-12 22:20:00,7.450454390415891,0.7495832469304392
2026-07-12 22:30:00,6.567869666335506,0.49906590941459683
2026-07-12 22:40:00,6.692801929661511,0.5168521281532188
2026-07-12 22:50:00,3.572059880186159,
2026-07-12 23:00:00,10.535828949199672,2.165028151099189
2026-07-12 23:10:00,4.689372477664648,0.2108486021134197
2026-07-12 23:20:00,9.938495765180628,1.8553010627083655
2026-07-12 23:30:00,7.437165672151706,0.7521052719295597
2026-07-12 23:40:00,9.460863528556718,1.4345406071253695
2026-07-12 23:50:00,3.5543915583684456,0.0
2026-07-13 00:00:00,5.111812235886814,0.1796351607849708
2026-07-13 00:10:00,6.658702934482216,0.46721550567023745
2026-07-13 00:20:00,5.259066801315897,0.18880499555200636
2026-07-13 00:30:00,6.2988096565831455,0.4234366440526215
2026-07-13 00:40:00,4.0139141121443425,0.11779187807168594
2026-07-13 00:50:00,6.885556477953421,0.44080053762895594
2026-07-13 01:00:00,6.468276090600787,0.38100234976964636
2026-07-13 01:10:00,6.394459098448476,0.5488367619803308
2026-07-13 01:20:00,5.270202975950319,0.320977910541519
2026-07-13 01:30:00,8.092741586533231,0.9081155536022363
2026-07-13 01:40:00,8.435114109823282,1.0762309709937334
2026-07-13 01:50:00,4.334738016947127,0.0
2026-07-13 02:00:00,9.790189340611786,1.675694606179475
2026-07-13 02:10:00,4.937787535141963,0.10672448015628708
2026-07-13 02:20:00,4.085695679974354,0.07196759795033188
2026-07-13 02:30:00,6.927390349156062,0.48764580421650816
2026-07-13 02:40:00,6.202553852989543,
2026-07-13 02:50:00,11.231593858148102,2.6026026360707806
2026-07-13 03:00:00,3.071388330950288,0.013814961128388948
2026-07-13 03:10:00,3.8996027384464487,0.0
2026-07-13 03:20:00,5.999468131916499,0.31690581416408425
2026-07-13 03:30:00,6.309349238179727,0.46071323638428824
2026-07-13 03:40:00,5.421718644354124,0.2858990644039529
2026-07-13 03:50:00,10.09073010915705,-2.0721940339082185
2026-07-13 04:00:00,4.68759864543242,0.0316724196459522
2026-07-13 04:10:00,4.938361119688619,0.1325131044387311
2026-07-13 04:20:00,3.285012126403102,0.0013560166743518203
2026-07-13 04:30:00,11.470227052046965,2.737675937614305
2026-07-13 04:40:00,7.620817179642518,0.5600104943326952
2026-07-13 04:50:00,3.5931082768255687,0.08768859164297951
2026-07-13 05:00:00,10.34676353119168,1.9988210925662486
2026-07-13 05:10:00,10.727329421169884,2.1301885448528073
2026-07-13 05:20:00,7.529190096821425,0.6009489227705471
2026-07-13 05:30:00,5.533521700740213,0.357562994935883
2026-07-13 05:40:00,3.422732781174215,3.650821173100635
2026-07-13 05:50:00,4.2056711243490685,0.0
2026-07-13 06:00:00,3.775498153619022,0.05781590189239318
2026-07-13 06:10:00,6.345394880566461,0.5257887286260075
2026-07-13 06:20:00,6.631005655812287,0.470667809135229
2026-07-13 06:30:00,5.908931173340574,0.21124207991345179
2026-07-13 06:40:00,7.150153082365912,0.5640962693238636
2026-07-13 06:50:00,10.650272178195436,
2026-07-13 07:00:00,8.412373715387414,0.999388189763767
2026-07-13 07:10:00,0.0,0.0
2026-07-13 07:20:00,4.853372109830188,0.2374858101972503
2026-07-13 07:30:00,10.873038974814005,2.2640504039593305
2026-07-13 07:40:00,4.642310664881811,0.4427188190839127
2026-07-13 07:50:00,10.171039077831821,1.9159218153074016
2026-07-13 08:00:00,7.885548740913291,0.9087658601150699
2026-07-13 08:10:00,9.070770643348563,1.4438476330981294
2026-07-13 08:20:00,5.0766976326967495,0.10440793646969737
2026-07-13 08:30:00,5.266725840646726,0.10834353410500762
2026-07-13 08:40:00,0.0,0.0
2026-07-13 08:50:00,10.218448336178083,2.0036804474866585
2026-07-13 09:00:00,10.507523794399113,1.9664599384688572
2026-07-13 09:10:00,3.8238093155012565,0.1086856127505082
2026-07-13 09:20:00,,0.0
2026-07-13 09:30:00,9.20467505599245,1.5677518165659334
2026-07-13 09:40:00,,3.0
2026-07-13 09:50:00,14.690569719318583,3.0
2026-07-13 10:00:00,2.5718558368443034,0.0
2026-07-13 10:10:00,12.112522451488854,3.0
2026-07-13 10:20:00,5.74125093670578,0.2910446869660975
2026-07-13 10:30:00,8.454091599391752,0.9964545254440327
2026-07-13 10:40:00,6.325272079352108,0.44111171751484446
2026-07-13 10:50:00,2.7485609489555927,-0.2
2026-07-13 11:00:00,4.24508308685386,0.182196159131501
2026-07-13 11:10:00,11.978848624544124,2.8549257286960428
2026-07-13 11:20:00,8.298083998856754,1.0589483328207747
2026-07-13 11:30:00,1.4106784821330542,0.0
2026-07-13 11:40:00,8.660408138728062,1.2311836982600437
2026-07-13 11:50:00,11.491111630632398,2.6457863285194145
2026-07-13 12:00:00,6.457209655081858,0.42063384146231636
2026-07-13 12:10:00,12.038303740886168,3.0
2026-07-13 12:20:00,7.387214719401496,0.690694350798079
2026-07-13 12:30:00,5.155648784889652,0.14683418357789907
2026-07-13 12:40:00,8.374994371065766,1.1052367971702894
2026-07-13 12:50:00,6.2767517820839265,0.5201469883648685
2026-07-13 13:00:00,4.897152629381865,0.10048292550115438
2026-07-13 13:10:00,,0.6243059819472259
2026-07-13 13:20:00,6.975304180315706,0.5249205808740275
2026-07-13 13:30:00,10.87762366767147,2.3681042832463493
2026-07-13 13:40:00,2.8413635088333473,0.0
2026-07-13 13:50:00,2.2483102914527873,0.0
2026-07-13 14:00:00,5.5877037000989285,0.34464332026154615
2026-07-13 14:10:00,5.351797450702936,0.08887367927196141
2026-07-13 14:20:00,7.221743979504496,0.650702736688635
2026-07-13 14:30:00,6.7427054899672125,0.48449169959709704
2026-07-13 14:40:00,5.75648654708999,0.41918032570585334
2026-07-13 14:50:00,3.5691973821828213,0.0
2026-07-13 15:00:00,9.628092101175598,1.590006433095301
2026-07-13 15:10:00,7.005011159335437,
2026-07-13 15:20:00,,0.0
2026-07-13 15:30:00,8.996516408163576,1.3563573128129653
2026-07-13 15:40:00,9.507943579275393,1.68813509598205
2026-07-13 15:50:00,7.129842875930196,0.6148348251370639
2026-07-13 16:00:00,8.25977931985627,1.093600999765352
2026-07-13 16:10:00,9.138105235821094,1.2737404404062103
2026-07-13 16:20:00,4.220890459802342,0.027025003864678817
2026-07-13 16:30:00,5.81029526649959,0.34947315886417774
2026-07-13 16:40:00,13.119582761180432,-3.2
2026-07-13 16:50:00,3.0388481012283557,0.0
2026-07-13 17:00:00,7.734669992015767,0.7206954177242294
2026-07-13 17:10:00,2.493295663814914,0.0
2026-07-13 17:20:00,,1.4841941362902036
2026-07-13 17:30:00,10.23009915470545,2.036425320309732
2026-07-13 17:40:00,10.653661812624232,2.0445234399302192
2026-07-13 17:50:00,6.93573102376789,0.7729296335886683
2026-07-13 18:00:00,-7.869873474313237,0.7006165720027959
2026-07-13 18:10:00,5.566203008807873,0.01963373856672973
2026-07-13 18:20:00,7.6425438059123,0.8245011119214435
2026-07-13 18:30:00,9.606310295667821,1.5078056675799716
2026-07-13 18:40:00,2.3323705524608407,0.0
2026-07-13 18:50:00,10.698713991960911,2.239143737360139
2026-07-13 19:00:00,6.552117890537362,0.32299386942225616
2026-07-13 19:10:00,4.974440333684691,0.2015371453406976
2026-07-13 19:20:00,9.384370244860452,1.4729619092844415
2026-07-13 19:30:00,7.323562682248709,0.6818021129118854
2026-07-13 19:40:00,7.944510595816707,0.8635311834348467
2026-07-13 19:50:00,10.834871294202198,2.3534957795981373
2026-07-13 20:00:00,2.2289688838894772,0.0
2026-07-13 20:10:00,3.515769294775292,0.0
2026-07-13 20:20:00,,0.0
2026-07-13 20:30:00,9.230814218329588,1.5567547829774997
2026-07-13 20:40:00,6.4532326669154285,0.30113102423413485
2026-07-13 20:50:00,-9.01527980453822,1.1166663373762804
2026-07-13 21:00:00,7.042968198221271,0.7902543505477722
2026-07-13 21:10:00,10.259554538581892,2.0513810186564623
2026-07-13 21:20:00,8.16743268896388,1.1244533174976834
2026-07-13 21:30:00,3.344636712215135,0.0
2026-07-13 21:40:00,2.978456399693858,0.0
2026-07-13 21:50:00,10.199146047887712,1.8350326387459166
2026-07-13 22:00:00,5.018818521115353,0.3141069450740352
2026-07-13 22:10:00,8.992440866684595,1.2832411014269312
2026-07-13 22:20:00,5.669148758192468,0.20326470349445047
2026-07-13 22:30:00,4.747753804960196,0.25640277898291114
2026-07-13 22:40:00,-8.48328787505831,1.0398396353267918
2026-07-13 22:50:00,9.17353442722952,1.3207859843376601
2026-07-13 23:00:00,8.58950864334179,1.0415613603663558
2026-07-13 23:10:00,7.531325448531756,0.784571263096578
2026-07-13 23:20:00,9.349934017650158,1.4641937142537302
2026-07-13 23:30:00,7.2807683696221,0.8435853788635065
2026-07-13 23:40:00,9.437589207529273,1.4890390158220312
2026-07-13 23:50:00,7.825341831014456,0.8992172386529189
2026-07-14 00:00:00,8.010513526529092,0.8996277952899454
2026-07-14 00:10:00,11.124312358390865,2.4683145756611196
2026-07-14 00:20:00,6.769120498999829,0.47491863730196887
2026-07-14 00:30:00,4.213295784176232,0.0
2026-07-14 00:40:00,7.191892898954707,0.5737702379418376
2026-07-14 00:50:00,1.2821829679289953,0.0
2026-07-14 01:00:00,12.02460660433085,3.0
2026-07-14 01:10:00,9.178884989781253,1.3615115997398601
2026-07-14 01:20:00,,0.02326126391835709
2026-07-14 01:30:00,11.207955421022227,2.3332200187241625
2026-07-14 01:40:00,15.773134055504281,3.0
2026-07-14 01:50:00,4.988961003309495,0.08584184786000527
2026-07-14 02:00:00,5.444647749900397,0.14316576285411114
2026-07-14 02:10:00,9.063485905513492,1.2126830486310745
2026-07-14 02:20:00,1.2544352323543864,0.0
2026-07-14 02:30:00,12.75333010631295,3.0
2026-07-14 02:40:00,5.631150580051024,0.3662911116694152
2026-07-14 02:50:00,6.438819561279996,0.5344188961747649
2026-07-14 03:00:00,7.509000358821565,0.7043706378003012
2026-07-14 03:10:00,6.096754615563138,0.4471181123917698
2026-07-14 03:20:00,4.506226426920518,0.0
2026-07-14 03:30:00,6.879929151428906,0.6239391258849275
2026-07-14 03:40:00,9.463503432533258,1.6030105550815763
2026-07-14 03:50:00,5.133976696518369,0.2342723553576235
2026-07-14 04:00:00,7.059237078344867,0.6202438353030298
2026-07-14 04:10:00,4.149368428499191,0.04492591853402355
2026-07-14 04:20:00,,0.5322580015998702
2026-07-14 04:30:00,6.488873502860126,0.5505548796709809
2026-07-14 04:40:00,,0.48394498369493294
2026-07-14 04:50:00,6.714310895988252,0.5902031216096439
2026-07-14 05:00:00,6.6032660575498445,0.45216964077950894
2026-07-14 05:10:00,4.594792632126763,-0.289146232424062
2026-07-14 05:20:00,1.8715927241232757,
2026-07-14 05:30:00,7.983096490039032,-1.055480369425739
2026-07-14 05:40:00,5.041233059318996,0.14047621836403068
2026-07-14 05:50:00,6.333111753139692,0.45363064734317005
2026-07-14 06:00:00,0.35098250365606454,0.0
2026-07-14 06:10:00,7.31692543515741,0.6740774319502734
2026-07-14 06:20:00,4.094928305247045,0.050902393151219784
2026-07-14 06:30:00,11.085059113654879,2.4658469147197697
2026-07-14 06:40:00,8.44978056315125,1.1224417940491902
2026-07-14 06:50:00,12.087116744487673,3.0
2026-07-14 07:00:00,,0.0
2026-07-14 07:10:00,5.0937009953903924,
2026-07-14 07:20:00,7.92981887434248,0.9090449451944874
2026-07-14 07:30:00,10.28575478881619,1.8664379680998588
2026-07-14 07:40:00,5.808925469895277,0.34513082672951595
2026-07-14 07:50:00,7.928155157054341,
2026-07-14 08:00:00,5.072450543588387,0.19962153233013713
2026-07-14 08:10:00,4.728347588079165,0.0033931999200313145
2026-07-14 08:20:00,3.081986160838718,0.0
2026-07-14 08:30:00,11.905725801090515,2.984877153220459
2026-07-14 08:40:00,4.379577843657939,0.22631963732091942
2026-07-14 08:50:00,4.295383725960863,0.0
2026-07-14 09:00:00,5.054928611153382,0.2526136526794608
2026-07-14 09:10:00,4.904546167969341,0.08003131293437418
2026-07-14 09:20:00,8.036784921355967,0.9387482711408253
2026-07-14 09:30:00,2.6699624917783282,0.0
2026-07-14 09:40:00,3.630940215025114,0.06805049760330337
2026-07-14 09:50:00,2.1563643789734,0.0
2026-07-14 10:00:00,6.6591063462508435,0.49957791898408044
2026-07-14 10:10:00,-5.869565665468812,0.14281804701617004
2026-07-14 10:20:00,1.481951235330456,0.0
2026-07-14 10:30:00,3.039332266560366,0.0
2026-07-14 10:40:00,6.510254226711635,0.6519083281761532
2026-07-14 10:50:00,9.200896777525898,1.2770845417637777
2026-07-14 11:00:00,8.541984983598558,1.2942389266382612
2026-07-14 11:10:00,8.810177574583175,1.331407317830277
2026-07-14 11:20:00,8.059857528614634,-1.2520020433420933
2026-07-14 11:30:00,4.783360511878355,3.61579442863071
2026-07-14 11:40:00,,0.19719476216514523
2026-07-14 11:50:00,8.061409680279505,0.9220834851786297
2026-07-14 12:00:00,4.450991574905582,0.0
2026-07-14 12:10:00,7.5243036838038275,0.8473398236995142
2026-07-14 12:20:00,12.202432168214923,3.0
2026-07-14 12:30:00,4.7131637190423845,0.06766899730856642
2026-07-14 12:40:00,10.482180120820601,2.161218619979428
2026-07-14 12:50:00,3.719884778065942,0.05093707048533469
2026-07-14 13:00:00,8.75484515760622,1.2346788040354792
2026-07-14 13:10:00,2.0493467021270897,0.0
2026-07-14 13:20:00,2.6734035732873656,0.0
2026-07-14 13:30:00,9.0415140651721,1.3089003720136498
2026-07-14 13:40:00,11.90334771871248,3.0
2026-07-14 13:50:00,8.840781710588164,1.3351663567728134
2026-07-14 14:00:00,8.57245103161456,1.1879747334723105
2026-07-14 14:10:00,10.558954178934266,2.0200751983179135
2026-07-14 14:20:00,9.954968800947944,1.7077054149028281
2026-07-14 14:30:00,7.251784053213866,0.8315275473662807
2026-07-14 14:40:00,8.24194362022956,3.9888173915747434
2026-07-14 14:50:00,7.7336792878079805,0.8625450356466119
2026-07-14 15:00:00,8.524644429268454,1.1376166417840523
2026-07-14 15:10:00,8.514123594326183,1.1033716148866526
2026-07-14 15:20:00,4.3580529707761055,0.0
2026-07-14 15:30:00,7.24167173455012,0.8337925506389471
2026-07-14 15:40:00,4.9007826624941995,0.1777946874008056
2026-07-14 15:50:00,3.268166876829133,
2026-07-14 16:00:00,11.248526112899224,2.593342887972077
2026-07-14 16:10:00,4.913122864312571,0.1807637705800496
2026-07-14 16:20:00,10.547402121705991,2.053767576617997
2026-07-14 16:30:00,8.889234934351514,1.3372736276213941
2026-07-14 16:40:00,8.838336461881143,1.3395158142814065
2026-07-14 16:50:00,8.943769815685723,1.3764948130050876
2026-07-14 17:00:00,3.551026562348981,0.019581761636808498
2026-07-14 17:10:00,12.930228318216809,3.0
2026-07-14 17:20:00,9.799135248542413,1.733822959731395
2026-07-14 17:30:00,8.925550780992626,1.3013759328581456
2026-07-14 17:40:00,5.7567894160733015,0.217686810842531
2026-07-14 17:50:00,9.88821691454747,1.625353376343579
2026-07-14 18:00:00,4.8643492651722084,0.21672201835996843
2026-07-14 18:10:00,9.56347976150438,1.5778153742101921
2026-07-14 18:20:00,7.666139961168931,0.7575945973538848
2026-07-14 18:30:00,3.29842114947677,
2026-07-14 18:40:00,10.45041926307777,2.0887231480814834
2026-07-14 18:50:00,5.424701933656644,0.18165172235180382
2026-07-14 19:00:00,6.477149404996459,0.41345548392071124
2026-07-14 19:10:00,4.5754201529254335,0.0
2026-07-14 19:20:00,1.9087976421456805,0.0
2026-07-14 19:30:00,5.431321330004785,0.26418645939150714
2026-07-14 19:40:00,4.304054052407925,0.1136445640456295
2026-07-14 19:50:00,4.191702312755657,0.0
2026-07-14 20:00:00,0.0,0.0
2026-07-14 20:10:00,8.585672350153482,1.2624447888677708
2026-07-14 20:20:00,7.672094301230666,0.8005673360018961
2026-07-14 20:30:00,5.847890062947548,0.28109628626324096
2026-07-14 20:40:00,4.3984308540628785,0.08361075823497639
2026-07-14 20:50:00,9.200040149996799,1.3696036962759155
2026-07-14 21:00:00,4.408050928899074,0.22607677248571278
2026-07-14 21:10:00,3.95021495670884,0.06298557316770495
2026-07-14 21:20:00,1.679991773933999,0.0
2026-07-14 21:30:00,11.229761670917291,2.5037023757641115
2026-07-14 21:40:00,5.606654352468038,0.12991306736593428
2026-07-14 21:50:00,9.439108491179038,1.5365738032826215
2026-07-14 22:00:00,8.075259334110552,0.777908251634782
2026-07-14 22:10:00,2.8542351407583046,0.0
2026-07-14 22:20:00,7.391112251737292,0.5920373156780613
2026-07-14 22:30:00,7.530727398868626,0.7239419973900435
2026-07-14 22:40:00,10.060477418703575,1.7283852230965546
2026-07-14 22:50:00,6.515335390780774,0.4542330244631973
2026-07-14 23:00:00,7.3021731400075325,0.7719772924791459
2026-07-14 23:10:00,5.681788971021184,0.24950836218756478
2026-07-14 23:20:00,7.346300469199564,0.6533949140425677
2026-07-14 23:30:00,7.2057188019914005,0.6827934220613534
2026-07-14 23:40:00,6.056951523761048,0.4181622461271094
2026-07-14 23:50:00,10.304588190953519,2.037129742041711
2026-07-15 00:00:00,4.990106837545569,0.22257869209134284
2026-07-15 00:10:00,14.72987469231946,3.0
2026-07-15 00:20:00,7.3346671859382715,0.7011023093221792
2026-07-15 00:30:00,2.440356199427452,0.0
2026-07-15 00:40:00,4.419089939239586,0.033569237565269264
2026-07-15 00:50:00,8.491373071581053,1.0888539238021973
2026-07-15 01:00:00,7.511543929184667,0.7948083088248757
2026-07-15 01:10:00,6.610110437527292,0.47366634167470306
2026-07-15 01:20:00,5.822003948787259,0.29554114925595537
2026-07-15 01:30:00,10.103362088539097,1.9852078788961771
2026-07-15 01:40:00,6.077608471251777,0.2799827070259312
2026-07-15 01:50:00,5.214413249842949,0.2233705260899343
2026-07-15 02:00:00,8.903443333348488,1.2723098273766402
2026-07-15 02:10:00,2.593781576308931,0.0
2026-07-15 02:20:00,5.424506127752787,0.17549389108552868
2026-07-15 02:30:00,6.853634450590672,0.531751886823843
2026-07-15 02:40:00,4.342215995247614,0.1650847664982354
2026-07-15 02:50:00,13.253126916102586,3.0
2026-07-15 03:00:00,6.933270648526235,0.5796065039289134
2026-07-15 03:10:00,3.1082881403535296,0.0
2026-07-15 03:20:00,6.416066626490643,0.2517324977622886
2026-07-15 03:30:00,6.13022173714752,0.33643692672088793
2026-07-15 03:40:00,4.900568935726742,
2026-07-15 03:50:00,8.867782311424977,1.1975334600875787
2026-07-15 04:00:00,8.86158120054386,1.298126460982107
2026-07-15 04:10:00,6.864146926414559,0.6031416459502109
2026-07-15 04:20:00,8.43619320031306,0.9885534542720867
2026-07-15 04:30:00,13.629614261693732,3.0
2026-07-15 04:40:00,7.604488536908529,0.8525583848442325
2026-07-15 04:50:00,6.200605531487026,0.4552503118823125
2026-07-15 05:00:00,7.414310365689451,0.7451185129684593
2026-07-15 05:10:00,8.67247859956151,1.1861878742316896
2026-07-15 05:20:00,9.36277529745273,1.6211892193073194
2026-07-15 05:30:00,-10.93880755845544,2.009026349059517
2026-07-15 05:40:00,8.60363748405971,1.0632124786596326
2026-07-15 05:50:00,11.052211045137703,2.378452930631977
2026-07-15 06:00:00,9.506734644580813,1.5746346371955902
2026-07-15 06:10:00,11.729082638586064,2.9070555917014356
2026-07-15 06:20:00,1.0620977505017137,0.0
2026-07-15 06:30:00,5.512766303174106,0.2121987162414984
2026-07-15 06:40:00,7.487673957567583,0.8467061099016778
2026-07-15 06:50:00,4.298066493008358,0.0
2026-07-15 07:00:00,6.67046387913559,0.5389370605191729
2026-07-15 07:10:00,6.6161082575088646,0.5225887270489682
2026-07-15 07:20:00,12.064703433107244,3.0
2026-07-15 07:30:00,4.378818922693976,0.1197401451106454
2026-07-15 07:40:00,5.481832453591148,0.23536038550515725
2026-07-15 07:50:00,7.567616573631508,0.7671838699303949
2026-07-15 08:00:00,3.5830794051877457,0.016623766634733573
2026-07-15 08:10:00,9.620276113518184,1.552658637905593
2026-07-15 08:20:00,6.044926858269482,0.42219646995889915
2026-07-15 08:30:00,7.667218681462597,0.7410132118240196
2026-07-15 08:40:00,1.5496505950131292,0.0
2026-07-15 08:50:00,6.540146889477293,0.29227642207922544
2026-07-15 09:00:00,5.027310792973237,0.15107844945277937
2026-07-15 09:10:00,9.815094853570779,1.7248425102639064
2026-07-15 09:20:00,3.06549356761663,0.0029576130115003467
2026-07-15 09:30:00,7.933354109157642,0.860116381884389
2026-07-15 09:40:00,8.99383065919133,1.3775070525281525
2026-07-15 09:50:00,7.736268933523242,0.8440015051176253
2026-07-15 10:00:00,-7.959997697555492,0.7261825427789944
2026-07-15 10:10:00,8.602459439869392,1.153941940467027
2026-07-15 10:20:00,7.44820093492222,0.57979894256482
2026-07-15 10:30:00,,0.5074594580320219
2026-07-15 10:40:00,5.0228889619126935,0.03469920596151048
2026-07-15 10:50:00,4.438738860050374,0.022039341714669647
2026-07-15 11:00:00,11.641529150196392,2.7890461353424665
2026-07-15 11:10:00,4.493897060413419,-0.3952479765502993
2026-07-15 11:20:00,12.703488242419075,3.0
2026-07-15 11:30:00,7.462675150000588,0.7034451846093543
2026-07-15 11:40:00,12.8286974702307,3.0
2026-07-15 11:50:00,8.684473357415863,1.118382102190161
2026-07-15 12:00:00,7.382113851019911,0.6706063871918895
2026-07-15 12:10:00,9.815894655530018,1.8014737635475377
2026-07-15 12:20:00,11.607277331752032,2.709702980420099
2026-07-15 12:30:00,12.000088183782207,3.0
2026-07-15 12:40:00,6.245325616609956,0.41650217451488564
2026-07-15 12:50:00,13.800949354270461,3.0
2026-07-15 13:00:00,4.462009029916327,0.07475626173051367
2026-07-15 13:10:00,12.349090177091956,3.0
2026-07-15 13:20:00,8.592588118646727,1.2025500377087655
2026-07-15 13:30:00,7.067892005541025,0.5880514204318754
2026-07-15 13:40:00,4.986447059638962,0.22903429132911157
2026-07-15 13:50:00,9.412492588068206,1.4587444041806472
2026-07-15 14:00:00,12.114338654584806,3.0
2026-07-15 14:10:00,9.184682315863116,1.3104531319861334
2026-07-15 14:20:00,10.411833312743372,2.105803550029641
2026-07-15 14:30:00,1.9233204332666336,0.0
2026-07-15 14:40:00,10.693645162791784,2.2960596638031574
2026-07-15 14:50:00,6.717779150087405,0.47009041773146976
2026-07-15 15:00:00,2.289280995042885,0.0
2026-07-15 15:10:00,9.761558161586862,1.7812361063059183
2026-07-15 15:20:00,11.222087466598282,2.6764780063948432
2026-07-15 15:30:00,6.961892140725993,0.5304556801281116
2026-07-15 15:40:00,9.515604819308313,1.4855763587444912
2026-07-15 15:50:00,3.8488376714304224,0.0
2026-07-15 16:00:00,3.102026579557247,0.054580177960709145
2026-07-15 16:10:00,-5.446416819853178,0.15796395248970127
2026-07-15 16:20:00,3.0539033331964056,0.0
2026-07-15 16:30:00,12.047556262180404,3.0
2026-07-15 16:40:00,6.488481611576307,0.2387548869585776
2026-07-15 16:50:00,4.301647877770634,0.05246925745087934
2026-07-15 17:00:00,3.1770944833282195,0.022046377335385284
2026-07-15 17:10:00,6.211512682688568,0.28154632942137836
2026-07-15 17:20:00,5.199636559269885,0.045618853217196054
2026-07-15 17:30:00,1.2493474321491318,0.0
2026-07-15 17:40:00,4.977177677755732,0.1652103867398278
2026-07-15 17:50:00,10.401264514565398,2.1227562038813335
2026-07-15 18:00:00,9.349332560403148,1.5493076512311275
2026-07-15 18:10:00,10.973758942972884,2.3210026955323566
2026-07-15 18:20:00,10.358177841362131,2.016599184565935
2026-07-15 18:30:00,7.9541317277062635,
2026-07-15 18:40:00,3.689716722293711,0.09771315516179091
2026-07-15 18:50:00,8.783298353444119,1.2319723070224287
2026-07-15 19:00:00,7.028181634314008,0.5301000373311467
2026-07-15 19:10:00,7.828511708936679,0.9020042313488356
2026-07-15 19:20:00,13.641610097780847,3.0
2026-07-15 19:30:00,9.516296505686636,
2026-07-15 19:40:00,13.093354368680389,3.0
2026-07-15 19:50:00,5.074784416042201,0.17738846067835667
2026-07-15 20:00:00,-4.989082610210076,0.028746784953509477
2026-07-15 20:10:00,7.386687599930088,-1.0887109068336815
2026-07-15 20:20:00,9.383088615315522,1.5318359789254854
2026-07-15 20:30:00,-8.341379034679662,-1.021635594637293
2026-07-15 20:40:00,8.342734726417445,1.0820890453524863
2026-07-15 20:50:00,12.906807717556395,3.0
2026-07-15 21:00:00,8.27227835398773,0.9884500242921157
2026-07-15 21:10:00,5.341516392561363,3.9831367209387296
2026-07-15 21:20:00,6.759603492526718,0.4256540508595262
2026-07-15 21:30:00,,2.743950680474046
2026-07-15 21:40:00,7.576226182362839,0.6582510026506163
2026-07-15 21:50:00,7.135656100652299,0.6438124858669894
2026-07-15 22:00:00,2.3936063669373153,0.0
2026-07-15 22:10:00,10.55097140238601,2.1318950330021327
2026-07-15 22:20:00,7.622960945118997,0.8026713631312874
2026-07-15 22:30:00,13.578744682493715,3.0
2026-07-15 22:40:00,9.844325946238861,1.9124984280997297
2026-07-15 22:50:00,12.817494972745514,3.0
2026-07-15 23:00:00,4.141452062276086,0.07819306232819713
2026-07-15 23:10:00,6.349924028500299,0.3768850303880015
2026-07-15 23:20:00,5.5617364215480904,0.34589560199322045
2026-07-15 23:30:00,11.913880121345366,2.9293159263732766
2026-07-15 23:40:00,-9.524709258896703,1.342687550735951
2026-07-15 23:50:00,7.262233551324236,0.6978825585097347
2026-07-16 00:00:00,6.6246292135479505,0.46687126286785235
2026-07-16 00:10:00,10.33329383683672,1.9157354430934341
2026-07-16 00:20:00,4.0728973715948715,0.0
2026-07-16 00:30:00,3.8790552513758447,0.060063324949108675
2026-07-16 00:40:00,5.245109118238425,0.11914658575380528
2026-07-16 00:50:00,4.648348579729699,0.07977437229558297
2026-07-16 01:00:00,6.886453388276631,0.4803842777267129
2026-07-16 01:10:00,2.342826382862339,0.0
2026-07-16 01:20:00,5.392601092986778,0.34550246222634395
2026-07-16 01:30:00,10.524242467969856,1.9494235562562212
2026-07-16 01:40:00,13.68872770094325,3.0
2026-07-16 01:50:00,3.4954016900630194,0.06313520298980092
2026-07-16 02:00:00,9.083804537144507,1.3410464852539234
2026-07-16 02:10:00,9.304869052212847,1.4057643512132934
2026-07-16 02:20:00,4.460346711966446,
2026-07-16 02:30:00,6.7346595428857,0.42944343160675713
2026-07-16 02:40:00,8.872639659986069,1.3553756786106126
2026-07-16 02:50:00,6.1337814436537315,0.35934030537036715
2026-07-16 03:00:00,6.739202529693717,0.459222829515181
2026-07-16 03:10:00,9.417788657294649,1.45030182302683
2026-07-16 03:20:00,3.0844624161068506,0.0
2026-07-16 03:30:00,8.2895751492324,-1.1411393075865175
2026-07-16 03:40:00,4.364345682401227,0.06293417386899773
2026-07-16 03:50:00,11.662212760796718,2.792962635692847
2026-07-16 04:00:00,9.551870137878144,1.5034659939686947
2026-07-16 04:10:00,10.00562886841643,1.7318136899328511
2026-07-16 04:20:00,5.36360676478997,0.1859760595484663
2026-07-16 04:30:00,9.486469665727785,1.503255046960758
2026-07-16 04:40:00,3.0485957676819293,0.0
2026-07-16 04:50:00,5.192192887257375,0.2972595796741937
2026-07-16 05:00:00,5.876212184416693,0.3681255491694334
2026-07-16 05:10:00,7.634240854887585,0.6593527865962895
2026-07-16 05:20:00,5.651138566566997,0.33304347075459373
2026-07-16 05:30:00,5.2283128145761175,0.19488446073199517
2026-07-16 05:40:00,11.705745613632486,2.7009781875827126
2026-07-16 05:50:00,9.907540713995223,1.8111693132895372
2026-07-16 06:00:00,11.185775535716747,2.337359474661426
2026-07-16 06:10:00,13.27033134636924,3.0
2026-07-16 06:20:00,0.7624489302719901,0.0
2026-07-16 06:30:00,6.408946877408045,0.3014639977232186
2026-07-16 06:40:00,12.54157714737045,3.0
2026-07-16 06:50:00,11.415683335898432,2.675773787038958
2026-07-16 07:00:00,9.861943105292783,1.678144908788499
2026-07-16 07:10:00,4.229754245948961,0.0769763157922765
2026-07-16 07:20:00,5.929911343011069,0.2655003335867574
2026-07-16 07:30:00,6.704343476739693,0.44151719982719895
2026-07-16 07:40:00,10.57687190176734,2.156906700509085
2026-07-16 07:50:00,4.482335734686021,0.07378954851165564
2026-07-16 08:00:00,7.690399957745778,0.7850905101089238
2026-07-16 08:10:00,1.9088414269328124,
2026-07-16 08:20:00,6.834686334949139,0.5353875235779348
2026-07-16 08:30:00,6.244669838284441,0.5344267874807986
2026-07-16 08:40:00,3.250920492587093,0.051347623947445305
2026-07-16 08:50:00,14.191977751682755,3.0
2026-07-16 09:00:00,7.236286571573701,0.7621224311013671
2026-07-16 09:10:00,15.78312038256084,3.0
2026-07-16 09:20:00,11.109142351955438,2.418632392448844
2026-07-16 09:30:00,6.103841257423414,0.4604306522750381
2026-07-16 09:40:00,8.359548524354285,1.0858508543118368
2026-07-16 09:50:00,3.970795480535525,0.03223641672809192
2026-07-16 10:00:00,6.4337342884298545,0.5415125750592182
2026-07-16 10:10:00,8.646502884797867,1.0871121270245974
2026-07-16 10:20:00,8.04685354616819,
2026-07-16 10:30:00,9.438292654968052,1.5105100128203568
2026-07-16 10:40:00,8.9711607343511,1.3827216445101222
2026-07-16 10:50:00,12.171671591351695,3.0
2026-07-16 11:00:00,9.390242417349052,1.4613439863586208
2026-07-16 11:10:00,10.327135278918178,1.884103803843949
2026-07-16 11:20:00,4.48845647693197,0.0
2026-07-16 11:30:00,3.9493776277308354,0.0
2026-07-16 11:40:00,8.280810775834524,0.8989727451475882
2026-07-16 11:50:00,6.743488522159525,0.4318754970449202
2026-07-16 12:00:00,6.14663481454145,0.28400934403543987
2026-07-16 12:10:00,10.137676949120166,1.8532117374841537
2026-07-16 12:20:00,5.572825487029133,0.3464545462631868
2026-07-16 12:30:00,4.637297494607916,0.16492893813340298
2026-07-16 12:40:00,3.4115082369054015,0.0
2026-07-16 12:50:00,11.258194877750991,2.4974596289809003
2026-07-16 13:00:00,5.690604891270584,0.17915387013397782
2026-07-16 13:10:00,4.332974253166507,0.23510082952059347
2026-07-16 13:20:00,8.5756399574279,1.2618496377584352
2026-07-16 13:30:00,5.672727904313802,0.2617854210762559
2026-07-16 13:40:00,9.622354199901366,
2026-07-16 13:50:00,8.525408105510198,0.8793633502732898
2026-07-16 14:00:00,6.873588941392228,0.4771834993097164
2026-07-16 14:10:00,5.827128906633241,0.2578243418077892
2026-07-16 14:20:00,7.370222116366444,0.6701443421714055
2026-07-16 14:30:00,10.651655732983858,2.1941739349957867
2026-07-16 14:40:00,8.00438922778485,1.0548998056213121
2026-07-16 14:50:00,9.856078024228317,1.6966329414287908
2026-07-16 15:00:00,11.508567736006405,2.635943835384972
2026-07-16 15:10:00,4.913872839933563,0.11233343880161907
2026-07-16 15:20:00,9.583917061995646,1.5956786999061643
2026-07-16 15:30:00,2.6297175885726247,0.0
2026-07-16 15:40:00,8.930676018232191,1.3407208289630606
2026-07-16 15:50:00,11.392624350944734,2.6667197061758765
2026-07-16 16:00:00,10.375491812890724,2.0434475321296657
2026-07-16 16:10:00,4.55112999052789,0.036798360401715045
2026-07-16 16:20:00,8.424916255731873,1.0677940957913925
2026-07-16 16:30:00,7.605947528745972,0.8908934773945165
2026-07-16 16:40:00,9.34200268049275,1.62537031003749
2026-07-16 16:50:00,8.622388899120068,1.0480452671081415
2026-07-16 17:00:00,6.877606922627206,0.511300218341769
2026-07-16 17:10:00,7.5144649139821444,0.7692946049437319
2026-07-16 17:20:00,9.917389740951476,1.8014222828828719
2026-07-16 17:30:00,11.374193550081824,2.595613241701154
2026-07-16 17:40:00,6.8585469246573245,0.5222586482536152
2026-07-16 17:50:00,5.7871925295404765,0.25518169407779145
2026-07-16 18:00:00,5.363206114038367,0.1815602711989194
2026-07-16 18:10:00,7.3418498096075115,0.6377924448195146
2026-07-16 18:20:00,8.59873174058694,1.1059477860224516
2026-07-16 18:30:00,6.570841584495082,0.44549118363859963
2026-07-16 18:40:00,,1.175020634244686
2026-07-16 18:50:00,12.214637101788364,3.0
2026-07-16 19:00:00,8.14604972622003,0.8766248242233983
2026-07-16 19:10:00,7.907217891508632,0.878290938675735
2026-07-16 19:20:00,11.784387379940657,2.8981699290724876
2026-07-16 19:30:00,7.352381613990294,0.6240564262311011
2026-07-16 19:40:00,7.342962548719532,0.7398080654549748
2026-07-16 19:50:00,6.9841053804799,0.6794718793150307
2026-07-16 20:00:00,8.360172295180789,1.1394018633565697
2026-07-16 20:10:00,5.440001655693157,0.10705610288624179
2026-07-16 20:20:00,9.973708342723349,1.8625040804150748
2026-07-16 20:30:00,3.0914779017339717,0.10293530999320526
2026-07-16 20:40:00,4.154169206670442,0.046567430072744706
2026-07-16 20:50:00,6.79150903471019,0.5402254760058683
2026-07-16 21:00:00,-13.549355532482698,3.0
2026-07-16 21:10:00,7.561424823781506,-1.0039344365610356
2026-07-16 21:20:00,10.238168754859124,1.9552747201454546
2026-07-16 21:30:00,1.158899917459192,0.0
2026-07-16 21:40:00,8.101196831825307,0.8227498445183827
2026-07-16 21:50:00,7.364274608249496,0.7698857828134351
2026-07-16 22:00:00,7.05611065047108,
2026-07-16 22:10:00,5.702588386505308,0.2055210297411969
2026-07-16 22:20:00,3.7090744299129668,0.0
2026-07-16 22:30:00,5.577364497530114,0.1898726066701461
2026-07-16 22:40:00,0.03174572152738797,0.0
2026-07-16 22:50:00,4.625399126612185,0.05661674310511908
2026-07-16 23:00:00,2.846420082183375,0.0
2026-07-16 23:10:00,,2.1164371910676794
2026-07-16 23:20:00,3.4575764636458484,0.06536288872701468
2026-07-16 23:30:00,8.377653855311465,1.0642423309446098
2026-07-16 23:40:00,9.863235930038998,1.7214697997298916
2026-07-16 23:50:00,,0.25187497677211723
2026-07-17 00:00:00,3.6480896438040125,0.0501246162945826
2026-07-17 00:10:00,6.9890768128558145,0.4569509328494922
2026-07-17 00:20:00,10.03085889056702,1.9124719984025422
2026-07-17 00:30:00,7.424767560613276,0.7004419833834069
2026-07-17 00:40:00,6.5867190532773225,0.3834105909993016
2026-07-17 00:50:00,16.645434493846267,3.0
2026-07-17 01:00:00,7.800899631059966,0.8553809798179167
2026-07-17 01:10:00,6.663597723615518,0.526450449787233
2026-07-17 01:20:00,9.549379099971958,1.633505561098198
2026-07-17 01:30:00,8.497123144848437,1.0975254433789892
2026-07-17 01:40:00,10.036912575541084,
2026-07-17 01:50:00,2.1432491678517644,0.0
2026-07-17 02:00:00,6.770607038542152,0.400618539275936
2026-07-17 02:10:00,9.392203943336089,1.4269631243527698
2026-07-17 02:20:00,4.672701941864383,0.18552759275954128
2026-07-17 02:30:00,9.52649444834687,1.570762025855151
2026-07-17 02:40:00,8.681025323888115,1.0757907334542984
2026-07-17 02:50:00,8.580255082400042,1.1590704955948008
2026-07-17 03:00:00,3.9233734442098225,0.07768123920254168
2026-07-17 03:10:00,3.084227895791642,0.0801714945231009
2026-07-17 03:20:00,3.811375687658363,-0.2
2026-07-17 03:30:00,,0.017119251701721336
2026-07-17 03:40:00,8.411104735763484,1.0559823477910493
2026-07-17 03:50:00,5.665016388583305,0.18261117516966063
2026-07-17 04:00:00,5.251757498473248,0.151318220699699
2026-07-17 04:10:00,0.1430376225839467,3.6013512904010794
2026-07-17 04:20:00,2.6621607747897844,0.0
2026-07-17 04:30:00,6.747484853971199,0.5459254766138655
2026-07-17 04:40:00,1.119940104565467,0.0
2026-07-17 04:50:00,6.597353840910557,
2026-07-17 05:00:00,6.945960389450259,0.5974769635828886
2026-07-17 05:10:00,13.104122719680829,3.0
2026-07-17 05:20:00,5.089900891805124,0.1968929163298567
2026-07-17 05:30:00,11.832641347270508,2.9955228726354197
2026-07-17 05:40:00,10.906169778214757,2.212740864575753
2026-07-17 05:50:00,6.878569797211161,0.6182527071665072
2026-07-17 06:00:00,5.366316623740104,0.17284183924286275
2026-07-17 06:10:00,,0.2745719498959589
2026-07-17 06:20:00,4.087533221620163,0.0
2026-07-17 06:30:00,4.7054045449188555,0.09996176401351616
2026-07-17 06:40:00,7.077017843626735,0.6944055330599704
2026-07-17 06:50:00,10.816671257258946,2.222114615686082
2026-07-17 07:00:00,2.1134993288049593,0.0
2026-07-17 07:10:00,6.937318466030584,0.6280597708209383
2026-07-17 07:20:00,8.986228642731419,1.516273634190266
2026-07-17 07:30:00,4.698114618795525,0.08696751168911601
2026-07-17 07:40:00,5.796987896978527,0.12609450813503
2026-07-17 07:50:00,3.3310447445851694,0.0
2026-07-17 08:00:00,6.333202029856899,0.394226589501543
2026-07-17 08:10:00,3.7419354725422043,0.0
2026-07-17 08:20:00,7.585109912084827,0.8677559052192063
2026-07-17 08:30:00,6.94165879922486,0.4677620271366406
2026-07-17 08:40:00,6.119576131538698,0.42203525780916784
2026-07-17 08:50:00,4.177315614430157,0.08288911671538676
2026-07-17 09:00:00,5.522331040961354,0.28250538147665233
2026-07-17 09:10:00,3.8661898419948812,0.07244244301104671
2026-07-17 09:20:00,9.022963284006424,1.3870804034184416
2026-07-17 09:30:00,4.684036836952404,0.026972927932424895
2026-07-17 09:40:00,9.60831507910167,1.753697659098119
2026-07-17 09:50:00,9.189411948605905,1.262794257757284
2026-07-17 10:00:00,4.593190096455881,0.10649387341990399
2026-07-17 10:10:00,5.434000129281031,0.20739619676983947
2026-07-17 10:20:00,5.368786900422969,0.19709265622981362
2026-07-17 10:30:00,9.802486082822826,1.8694562909324475
2026-07-17 10:40:00,10.100069571567824,1.8357904259154216
2026-07-17 10:50:00,0.0,0.0
2026-07-17 11:00:00,7.04005428398814,0.6045281830597928
2026-07-17 11:10:00,9.06273569669293,1.3718014257065068
2026-07-17 11:20:00,9.396858942335928,1.40699280669229
2026-07-17 11:30:00,9.309602733314899,1.4456772442579462
2026-07-17 11:40:00,12.772872719283297,3.0
2026-07-17 11:50:00,9.43254039889213,1.5369398772841902
2026-07-17 12:00:00,0.3049857749006515,0.0
2026-07-17 12:10:00,4.631999835294563,0.0
2026-07-17 12:20:00,0.0,0.0
2026-07-17 12:30:00,5.304340649354951,0.3108037099283532
2026-07-17 12:40:00,12.593939396771018,3.0
2026-07-17 12:50:00,4.443883279782796,0.0
2026-07-17 13:00:00,5.926211096161779,
2026-07-17 13:10:00,7.059530304663315,0.5286326682835076
2026-07-17 13:20:00,15.312020958330397,3.0
2026-07-17 13:30:00,6.21550389576641,0.3542344001800114
2026-07-17 13:40:00,9.45343944218153,1.6243934468025794
2026-07-17 13:50:00,8.331792819521167,0.9963276587947946
2026-07-17 14:00:00,5.713653309215466,0.3708704700517943
2026-07-17 14:10:00,4.459103090324378,0.19903291029497894
2026-07-17 14:20:00,5.345080898746627,0.22298695952464617
2026-07-17 14:30:00,6.066584973741006,0.4280659332484923
2026-07-17 14:40:00,1.7959810599711927,-0.2
2026-07-17 14:50:00,5.507877488136452,0.22647853689453423
2026-07-17 15:00:00,2.9309364786353713,0.0
2026-07-17 15:10:00,5.410995924261463,3.506208962440195
2026-07-17 15:20:00,3.1483256153769594,0.04228544253545539
2026-07-17 15:30:00,7.280665295905806,0.632171151560494
2026-07-17 15:40:00,4.614047005337094,0.07092063004115619
2026-07-17 15:50:00,12.459658852534226,3.0
2026-07-17 16:00:00,4.5877308802438606,0.06583742628388077
2026-07-17 16:10:00,5.067279429229426,0.24898824999985103
2026-07-17 16:20:00,8.851725284348952,1.3780594601463951
2026-07-17 16:30:00,12.278068640114274,3.0
2026-07-17 16:40:00,8.01692073748458,1.0927791667418423
2026-07-17 16:50:00,7.617534783354893,0.7099644186477299
2026-07-17 17:00:00,8.532034717363224,1.2052244887145753
2026-07-17 17:10:00,7.200745740763063,0.5658668359360606
2026-07-17 17:20:00,5.4916149321031185,0.19119533850335385
2026-07-17 17:30:00,9.587319372169842,1.5603959071028581
2026-07-17 17:40:00,3.930283178133849,0.0
2026-07-17 17:50:00,6.001553125185641,0.3269659770952552
2026-07-17 18:00:00,3.203984096089298,0.0009545950356047069
2026-07-17 18:10:00,0.8080001574633577,0.0
2026-07-17 18:20:00,9.222072194028534,3.755884711820524
2026-07-17 18:30:00,6.577779162747786,3.630776994485849
2026-07-17 18:40:00,6.271746635666211,0.34260163328381665
2026-07-17 18:50:00,8.883790652526585,1.3151343599906709
2026-07-17 19:00:00,5.420562772483076,0.2506356532032205
2026-07-17 19:10:00,4.504429812360211,0.10828097293118166
2026-07-17 19:20:00,7.882562853532868,0.997042356226104
2026-07-17 19:30:00,6.9639276896695455,0.6428642907038304
2026-07-17 19:40:00,0.4969611686974691,0.0
2026-07-17 19:50:00,11.671430729372018,2.892482331756099
2026-07-17 20:00:00,14.321307201214061,3.0
2026-07-17 20:10:00,6.661729714526469,0.5772810468713738
2026-07-17 20:20:00,5.280019293872446,0.09902162425965039
2026-07-17 20:30:00,5.224123770503549,0.09546433521434333
2026-07-17 20:40:00,6.561670574186798,0.43615647820115944
2026-07-17 20:50:00,9.138789421765926,1.3842758662825332
2026-07-17 21:00:00,8.576925287558685,1.0486178776755597
2026-07-17 21:10:00,3.7202663987942115,0.0
2026-07-17 21:20:00,3.589787160951019,0.10887486316893347
2026-07-17 21:30:00,15.619971881372402,3.0
2026-07-17 21:40:00,4.051995395867314,0.0
2026-07-17 21:50:00,10.575454509584839,2.109330134571509
2026-07-17 22:00:00,3.727065249190508,0.0
2026-07-17 22:10:00,9.060580179298462,1.4012141455139093
2026-07-17 22:20:00,11.35492961667411,2.5632837421362753
2026-07-17 22:30:00,9.741441157574428,1.722418954704457
2026-07-17 22:40:00,13.369859335598209,-3.2
2026-07-17 22:50:00,5.861736501006622,0.24502673188009705
2026-07-17 23:00:00,11.32386735960256,2.5724946330831555
2026-07-17 23:10:00,11.387291115620986,2.572043357489722
2026-07-17 23:20:00,3.3454448687993574,0.022233022580298172
2026-07-17 23:30:00,11.329098252533974,2.5953159621820276
2026-07-17 23:40:00,6.854796175038486,0.5244514911020384
2026-07-17 23:50:00,5.486409939131662,0.3662661668470321
2026-07-18 00:00:00,6.912932583681862,0.5568391323229268
2026-07-18 00:10:00,9.559652843424358,1.5367203873576527
2026-07-18 00:20:00,9.14028262841267,1.4336055443229865
2026-07-18 00:30:00,10.453994601392537,1.9926818121884864
2026-07-18 00:40:00,3.6867163338464275,0.08878870158030318
2026-07-18 00:50:00,2.5601258641643616,0.0
2026-07-18 01:00:00,10.15880752416458,1.8754550992667076
2026-07-18 01:10:00,9.827226998626521,1.6640080942241182
2026-07-18 01:20:00,,1.023792269784053
2026-07-18 01:30:00,3.808685387924661,0.08750516314090459
2026-07-18 01:40:00,12.272818117012209,3.0
2026-07-18 01:50:00,5.916175616997789,0.3710839100051831
2026-07-18 02:00:00,4.165007017179927,0.0744254050173041
2026-07-18 02:10:00,8.562785592144731,1.2809665572873294
2026-07-18 02:20:00,7.993926946308969,0.9064735523315315
2026-07-18 02:30:00,0.0,-0.2
2026-07-18 02:40:00,9.071854464757998,1.345952741132953
2026-07-18 02:50:00,5.708168880954085,0.39435754466886097
2026-07-18 03:00:00,9.578873698142388,1.5559928272063595
2026-07-18 03:10:00,9.918512230500983,1.8382803797294651
2026-07-18 03:20:00,8.176205983211025,1.0579858711076875
2026-07-18 03:30:00,9.914700128817374,1.6719270065259977
2026-07-18 03:40:00,10.40507967352313,2.079003200675148
2026-07-18 03:50:00,5.884045946209169,0.24173296667644717
2026-07-18 04:00:00,7.601112744522792,0.7806045970531625
2026-07-18 04:10:00,4.2412899862651,0.01906432080265061
2026-07-18 04:20:00,6.019678894322564,0.27778055905663496
2026-07-18 04:30:00,5.085606770596513,0.10178981963406182
2026-07-18 04:40:00,5.371853395377392,0.1611475563556834
2026-07-18 04:50:00,10.008114563609777,1.8400871949005213
2026-07-18 05:00:00,12.152672960071847,3.0
2026-07-18 05:10:00,4.113101581302495,0.03175477000247444
2026-07-18 05:20:00,7.09904601873045,0.6056843773660183
2026-07-18 05:30:00,6.585592354002763,0.5853877145082655
2026-07-18 05:40:00,5.3530036072558485,0.19149209995939526
2026-07-18 05:50:00,4.7753215480872235,0.0
2026-07-18 06:00:00,9.035436302977743,1.4495285570820078
2026-07-18 06:10:00,9.5308961305788,1.567453367001455
2026-07-18 06:20:00,4.310838685819837,0.0
2026-07-18 06:30:00,-0.6494286176860324,0.0
2026-07-18 06:40:00,5.496192101548477,0.16788760346227344
2026-07-18 06:50:00,2.1852066393743375,0.0
2026-07-18 07:00:00,9.09355745121412,1.3175366232472094
2026-07-18 07:10:00,9.996302990081782,1.9300218543832295
2026-07-18 07:20:00,2.503554131100257,0.0
2026-07-18 07:30:00,9.064534556108773,1.4078082291049145
2026-07-18 07:40:00,9.512138987608376,
2026-07-18 07:50:00,8.89052919539016,1.3460838807113882
2026-07-18 08:00:00,3.1178976869339086,0.0
2026-07-18 08:10:00,4.915427652613785,0.12196907757365533
2026-07-18 08:20:00,8.777627884989304,1.0773596915997672
2026-07-18 08:30:00,7.2361492849600735,0.6402955366476438
2026-07-18 08:40:00,0.9726087404942003,0.0
2026-07-18 08:50:00,8.044104331121838,0.878687239658098
2026-07-18 09:00:00,9.748333555555721,1.697769022125294
2026-07-18 09:10:00,8.273920400634013,0.9937411135278915
2026-07-18 09:20:00,8.472918593087666,1.0741814511120638
2026-07-18 09:30:00,6.065099456501509,0.36505897157318973
2026-07-18 09:40:00,,1.7274467222573335
2026-07-18 09:50:00,6.178171787592997,0.22785623849973238
2026-07-18 10:00:00,5.423773648273221,0.3672660739529716
2026-07-18 10:10:00,-12.55274592313111,3.0
2026-07-18 10:20:00,13.29185883524897,3.0
2026-07-18 10:30:00,6.555549179993679,0.4402162032921595
2026-07-18 10:40:00,6.448455345938114,0.418348782146356
2026-07-18 10:50:00,5.078331788960142,0.059919317391334534
2026-07-18 11:00:00,6.358794292398587,0.3747527602010761
2026-07-18 11:10:00,11.377199533625287,2.6273942161320814
2026-07-18 11:20:00,8.055531052726295,1.0401015779416518
2026-07-18 11:30:00,3.4139994797208164,0.007617227899659085
2026-07-18 11:40:00,0.37546928920264033,0.0
2026-07-18 11:50:00,12.869589123024543,3.0
2026-07-18 12:00:00,4.813536904857514,0.20015259931556031
2026-07-18 12:10:00,1.5499583484083708,0.0
2026-07-18 12:20:00,9.406550727166383,1.5103136224281055
2026-07-18 12:30:00,6.144736439692894,0.38501084687732245
2026-07-18 12:40:00,8.919459083935207,1.2399156341846158
2026-07-18 12:50:00,7.9916158176775305,0.7819210830279868
2026-07-18 13:00:00,3.750512649109371,0.001673087967116963
2026-07-18 13:10:00,3.8606378588261103,0.0
2026-07-18 13:20:00,7.535479124863891,0.7445706102359202
2026-07-18 13:30:00,2.3983523974046186,0.0
2026-07-18 13:40:00,7.381310559865657,0.5949714865732695
2026-07-18 13:50:00,9.603106923172456,1.6307570110675376
2026-07-18 14:00:00,9.051180859124823,-1.6317071057561388
2026-07-18 14:10:00,6.5984372845063195,0.49571485008288874
2026-07-18 14:20:00,0.9846551527259626,0.0
2026-07-18 14:30:00,5.590804667249191,0.22600289110747437
2026-07-18 14:40:00,8.004676900763883,0.9694153532969433
2026-07-18 14:50:00,10.104570060136368,-2.1753085216650305
2026-07-18 15:00:00,2.0807942493166323,0.0
2026-07-18 15:10:00,8.018165397769408,0.9865162394948045
2026-07-18 15:20:00,9.673094046679816,1.6947592904422115
2026-07-18 15:30:00,10.849649874441042,2.312725746876467
2026-07-18 15:40:00,7.210483537690873,-0.9379194339016703
2026-07-18 15:50:00,6.240889364200531,0.4051255131249385
2026-07-18 16:00:00,8.64944396245018,1.2032502787261878
2026-07-18 16:10:00,9.70145771834219,1.4804018771316985
2026-07-18 16:20:00,2.741542749489354,0.0
2026-07-18 16:30:00,1.0533868724839763,0.0
2026-07-18 16:40:00,9.35294447891731,-1.7139447273197332
2026-07-18 16:50:00,6.176436094744838,0.2506053578783465
2026-07-18 17:00:00,8.38568820808165,1.0857126356807365
2026-07-18 17:10:00,8.187206546689925,1.0526214611573397
2026-07-18 17:20:00,6.801038688813859,0.5559763780902696
2026-07-18 17:30:00,11.868612082479768,-3.1142259920728717
2026-07-18 17:40:00,7.504002077643539,0.6610740275807773
2026-07-18 17:50:00,6.168461651129738,0.3253048251965476
2026-07-18 18:00:00,6.905891817236899,0.48134081914085075
2026-07-18 18:10:00,0.3743558731863246,0.0
2026-07-18 18:20:00,7.861466421135434,0.8207819448120602
2026-07-18 18:30:00,5.535676876595945,0.1856614391243206
2026-07-18 18:40:00,7.644970429650308,0.8306112736341048
2026-07-18 18:50:00,7.30269934078593,0.7424235756812989
2026-07-18 19:00:00,3.22849754648638,0.0
2026-07-18 19:10:00,10.126964640722399,2.006578175429138
2026-07-18 19:20:00,13.198605375847885,3.0
2026-07-18 19:30:00,14.283092593577829,3.0
2026-07-18 19:40:00,6.50164184698018,0.26835991961481176
2026-07-18 19:50:00,4.78041543273878,0.004891988650185489
2026-07-18 20:00:00,11.645157148051185,2.8169736939208825
2026-07-18 20:10:00,5.688848186622317,0.3952937373520567
2026-07-18 20:20:00,8.376146807253285,1.0571202489959326
2026-07-18 20:30:00,3.4929748278035744,0.0
2026-07-18 20:40:00,-11.85235005252245,2.5569679800986904
2026-07-18 20:50:00,11.873645611035366,2.9519217895586083
2026-07-18 21:00:00,8.744754426200199,1.2118881790905867
2026-07-18 21:10:00,5.583611096627139,0.15317510849868038
2026-07-18 21:20:00,8.427843680573336,1.0036774725836932
2026-07-18 21:30:00,2.9312717209130046,0.0
2026-07-18 21:40:00,1.582713999501138,0.0
2026-07-18 21:50:00,9.113095467952164,1.4528220987198548
2026-07-18 22:00:00,10.424572524308438,1.9810970394172258
2026-07-18 22:10:00,6.754762857385151,0.5829471231783606
2026-07-18 22:20:00,3.40923006188922,0.0
2026-07-18 22:30:00,7.015040571688058,0.5328662838417014
2026-07-18 22:40:00,6.114609144394706,0.3148417813427108
2026-07-18 22:50:00,13.000896905711528,3.0
2026-07-18 23:00:00,5.556517294558151,0.2806580942348601
2026-07-18 23:10:00,5.052491481525992,0.1627461591529222
2026-07-18 23:20:00,9.228413923385196,1.57050433078864
2026-07-18 23:30:00,6.616899919549154,0.3254401065009751
2026-07-18 23:40:00,4.152488007538666,0.06446769267736564
2026-07-18 23:50:00,4.5981492536263024,0.12259116581215258
2026-07-19 00:00:00,8.60414730017479,1.246995547265245
2026-07-19 00:10:00,9.753077406386648,1.6212629369431155
2026-07-19 00:20:00,9.425206250317856,1.4605835884843146
2026-07-19 00:30:00,7.720970898222572,0.9180801780809894
2026-07-19 00:40:00,8.348424966801126,1.1172239094394198
2026-07-19 00:50:00,1.9551065734784876,0.0
2026-07-19 01:00:00,12.576195906970913,3.0
2026-07-19 01:10:00,1.747257142586335,0.0
2026-07-19 01:20:00,8.936852896367249,1.341556517392843
2026-07-19 01:30:00,12.405075011771132,3.0
2026-07-19 01:40:00,4.679958788217504,0.18204182821442672
2026-07-19 01:50:00,4.218569409898554,0.03348519272466928
2026-07-19 02:00:00,2.2819230255806087,0.0
2026-07-19 02:10:00,6.633452220748316,0.4968742328227874
2026-07-19 02:20:00,7.417238854860811,0.7318002914936815
2026-07-19 02:30:00,12.134548010032285,3.0
2026-07-19 02:40:00,11.420178221504205,2.504792287129019
2026-07-19 02:50:00,4.223357074940101,0.15036103927530828
2026-07-19 03:00:00,8.460468223250754,1.1979620342228314
2026-07-19 03:10:00,10.712993258937816,2.3394793515567205
2026-07-19 03:20:00,13.81808518963921,3.0
2026-07-19 03:30:00,8.043338652297852,0.9810759292879893
2026-07-19 03:40:00,8.783744579170504,1.2779568326876207
2026-07-19 03:50:00,5.422546201170065,0.2858929185232576
2026-07-19 04:00:00,3.2902112217111723,
2026-07-19 04:10:00,9.789922732835862,1.6015464951656173
2026-07-19 04:20:00,7.615729108791094,0.7014510492081887
2026-07-19 04:30:00,9.30236177447707,1.43733207335134
2026-07-19 04:40:00,7.250107394463042,
2026-07-19 04:50:00,3.2010891123002123,0.0
2026-07-19 05:00:00,5.876581300682657,0.3424148742469968
2026-07-19 05:10:00,11.738812111754047,2.9435946034362916
2026-07-19 05:20:00,0.29370733902078694,0.0
2026-07-19 05:30:00,7.817812495329523,0.977011767197849
2026-07-19 05:40:00,4.737304092112905,0.0
2026-07-19 05:50:00,9.770628481370155,1.669580683780879
2026-07-19 06:00:00,5.2280802561569555,0.08040768044518445
2026-07-19 06:10:00,8.805726294581822,1.071618403269081
2026-07-19 06:20:00,6.037274590775072,0.4034223040541724
2026-07-19 06:30:00,7.28073030049028,0.7796952869243878
2026-07-19 06:40:00,3.5073119699719344,0.0
2026-07-19 06:50:00,4.714868277820326,0.004559247396610899
2026-07-19 07:00:00,6.256181954934626,0.439333867369018
2026-07-19 07:10:00,11.149253246893538,2.413390209489917
2026-07-19 07:20:00,5.530677655335742,0.27227329430476666
2026-07-19 07:30:00,2.0630848311550665,0.0
2026-07-19 07:40:00,9.402412983678442,1.4698080282086634
2026-07-19 07:50:00,-11.394384843216008,2.3553758302088657
2026-07-19 08:00:00,5.955275933686915,
2026-07-19 08:10:00,7.272625433641511,0.6950401304762147
2026-07-19 08:20:00,8.32948055288734,1.0587352231419245
2026-07-19 08:30:00,2.2065982658136907,0.0
2026-07-19 08:40:00,5.741753353885289,0.3205246930995008
2026-07-19 08:50:00,6.639226553506536,0.3547391947396729
2026-07-19 09:00:00,11.325267704822654,2.5870018504226353
2026-07-19 09:10:00,8.685125463481594,1.161540389120882
2026-07-19 09:20:00,11.781468341573216,2.807948805856726
2026-07-19 09:30:00,7.592989125627353,0.8215070886271943
2026-07-19 09:40:00,11.385896042806287,2.743715091918401
2026-07-19 09:50:00,8.107136546554127,0.8947331959756291
2026-07-19 10:00:00,4.719198941315166,0.12865679820326242
2026-07-19 10:10:00,7.912904745572046,0.875400262402179
2026-07-19 10:20:00,7.671156135835776,0.6900920540366967
2026-07-19 10:30:00,8.409934828244793,1.1289938982737926
2026-07-19 10:40:00,15.279494650376144,3.0
2026-07-19 10:50:00,11.879617221557005,2.783591127387119
2026-07-19 11:00:00,12.200852624958445,3.0
2026-07-19 11:10:00,6.1268309484839545,0.278809648255214
2026-07-19 11:20:00,0.0,0.0
2026-07-19 11:30:00,11.164556865823538,2.5700890236564105
2026-07-19 11:40:00,9.130112709301457,1.4162833047446006
2026-07-19 11:50:00,0.0,-0.2
2026-07-19 12:00:00,,1.7070593795344176
2026-07-19 12:10:00,6.886167789053079,0.5592926267426597
2026-07-19 12:20:00,5.3157553322993,0.2701487826193892
2026-07-19 12:30:00,10.170162938140269,2.0205862121531926
2026-07-19 12:40:00,2.065438436173065,0.0
2026-07-19 12:50:00,9.950864831811325,1.748736555879703
2026-07-19 13:00:00,9.988359548534632,1.8056601845130076
2026-07-19 13:10:00,7.419774633099716,0.7125426466885076
2026-07-19 13:20:00,6.868325603103248,0.5874082247968022
2026-07-19 13:30:00,6.5036954719876725,0.31578056695636103
2026-07-19 13:40:00,5.548656713723971,0.2274934596664694
2026-07-19 13:50:00,8.53165969475244,1.070904417075917
2026-07-19 14:00:00,9.227653352439614,1.5187829698977395
2026-07-19 14:10:00,6.6493892953075155,0.35317129195229835
2026-07-19 14:20:00,11.822339712818497,2.643542288841026
2026-07-19 14:30:00,6.151274770545067,0.34042851998896195
2026-07-19 14:40:00,7.178457878068679,
2026-07-19 14:50:00,5.221751689345942,0.17974509058058313
2026-07-19 15:00:00,10.027865794567514,1.9399281180812182
2026-07-19 15:10:00,4.683707562834114,0.04579105062134287
2026-07-19 15:20:00,5.566107316010944,0.18057734892473215
2026-07-19 15:30:00,7.301665990627062,0.8098655510672181
2026-07-19 15:40:00,6.795474546807547,0.45424710267750795
2026-07-19 15:50:00,12.219502286744408,3.0
2026-07-19 16:00:00,5.2752993266529025,0.1522067586661743
2026-07-19 16:10:00,8.9998570297709,1.3380211454707989
2026-07-19 16:20:00,7.249821413961056,0.715527351090711
2026-07-19 16:30:00,10.2100470973176,1.8593707741431682
2026-07-19 16:40:00,4.2037382366786185,0.131574122227412
2026-07-19 16:50:00,2.3086431042202813,0.0
2026-07-19 17:00:00,0.0,0.0
2026-07-19 17:10:00,2.3228016338168027,0.0
2026-07-19 17:20:00,10.1375706665598,1.9786763781787677
2026-07-19 17:30:00,11.594239156439262,2.7442327738467824
2026-07-19 17:40:00,9.471250633926168,1.603041675544837
2026-07-19 17:50:00,6.4886589959787475,0.44269454902890226
2026-07-19 18:00:00,5.6029480132302005,0.2939908746346438
2026-07-19 18:10:00,-9.647310814088206,1.4357215242350347
2026-07-19 18:20:00,5.181073048843647,0.1452404429358662
2026-07-19 18:30:00,8.09537536892807,0.8903230260792465
2026-07-19 18:40:00,7.64891962332365,0.8954514544760779
2026-07-19 18:50:00,2.9627438140011897,0.0
2026-07-19 19:00:00,11.744700403550366,2.912659006692811
2026-07-19 19:10:00,6.455446386345798,0.44685588893147365
2026-07-19 19:20:00,4.857727023215428,0.009497154473659897
2026-07-19 19:30:00,7.013418297572826,0.6426298521307832
2026-07-19 19:40:00,6.233650494647823,-0.7274173912348343
2026-07-19 19:50:00,4.907750132153748,0.16701996846770265
2026-07-19 20:00:00,3.8035478853840834,0.053810972222302314
2026-07-19 20:10:00,8.06458751433907,1.017055099391885
2026-07-19 20:20:00,-9.112855076180159,1.2102003413566795
2026-07-19 20:30:00,4.549717640855672,0.003214522647096707
2026-07-19 20:40:00,9.79338419305774,1.7315312848484077
2026-07-19 20:50:00,5.913023246720612,0.33391196549055036
2026-07-19 21:00:00,6.104556740760772,0.2751260740131409
2026-07-19 21:10:00,8.441534775885806,1.165518880461627
2026-07-19 21:20:00,3.3102440656410437,0.04366583170741077
2026-07-19 21:30:00,8.070034268196935,0.9346454920509967
2026-07-19 21:40:00,8.165035008862274,1.0288873662467863
2026-07-19 21:50:00,9.964039164466122,1.941769700131153
2026-07-19 22:00:00,-11.736951024101419,2.5326366455979317
2026-07-19 22:10:00,12.666386048278405,3.0
2026-07-19 22:20:00,9.952463294748094,1.776018037222027
2026-07-19 22:30:00,3.475195647657552,0.0
2026-07-19 22:40:00,2.5239603377005757,0.0
2026-07-19 22:50:00,8.685265394230552,1.239838409581601
2026-07-19 23:00:00,5.189130205229761,0.1696367125568693
2026-07-19 23:10:00,6.128851571505638,0.40911675813004406
2026-07-19 23:20:00,10.73667199185896,2.201193177483065
2026-07-19 23:30:00,,1.4938463798793615
2026-07-19 23:40:00,12.168537880296286,3.0
2026-07-19 23:50:00,7.638361218487283,0.8803525068715481
2026-07-20 00:00:00,9.238961298445716,1.3520630490702303
2026-07-20 00:10:00,1.3616851670397514,0.0
2026-07-20 00:20:00,-8.591059552216262,0.9339839432164632
2026-07-20 00:30:00,7.8604630107483,0.9101446143404014
2026-07-20 00:40:00,6.130014625476795,0.3242353923062197
2026-07-20 00:50:00,5.227001574144529,0.18902428457185178
2026-07-20 01:00:00,8.144276224119633,0.9434524891856042
2026-07-20 01:10:00,1.4311951580588733,0.0
2026-07-20 01:20:00,4.719818767629233,0.16553714729072716
2026-07-20 01:30:00,12.255357956913677,3.0
2026-07-20 01:40:00,5.816502487967306,0.2764062461028972
2026-07-20 01:50:00,8.639323665057358,1.1750862233026274
2026-07-20 02:00:00,7.103763209574776,0.5901526475119906
2026-07-20 02:10:00,0.6276879772913517,0.0
2026-07-20 02:20:00,10.409678627248628,2.0380123269015686
2026-07-20 02:30:00,6.74976353651382,0.49213577833683936
2026-07-20 02:40:00,9.154092831344187,1.3266643453897216
2026-07-20 02:50:00,9.597619746698365,1.501043736621933
2026-07-20 03:00:00,5.7987620768344765,0.41749221771729056
2026-07-20 03:10:00,7.010190536957673,
2026-07-20 03:20:00,7.149214331431486,0.6164853683198547
2026-07-20 03:30:00,11.113330898271862,2.4556475296208227
2026-07-20 03:40:00,12.474445299028822,3.0
2026-07-20 03:50:00,9.489076581184008,
2026-07-20 04:00:00,,0.09464050039720034
2026-07-20 04:10:00,,0.26813270951774437
2026-07-20 04:20:00,10.212743688695678,1.9874207418565804
2026-07-20 04:30:00,4.935550254295296,0.23647761238332288
2026-07-20 04:40:00,8.289659720899504,1.0444534982863958
2026-07-20 04:50:00,6.312905615724183,0.34203231818778146
2026-07-20 05:00:00,5.134675088582542,0.21613925187218958
2026-07-20 05:10:00,10.33068044643069,1.8720507957063561
2026-07-20 05:20:00,3.2944164441666093,0.056636859679542614
2026-07-20 05:30:00,9.952903950529766,1.8013869224524055
2026-07-20 05:40:00,3.071549992707963,0.0
2026-07-20 05:50:00,6.617419469558715,0.5113070489124357
2026-07-20 06:00:00,5.361510803682415,0.17657723165687034
2026-07-20 06:10:00,9.217771619517407,1.246396222727501
2026-07-20 06:20:00,9.375823883649218,1.5712179262376378
2026-07-20 06:30:00,1.695204088758425,0.0
2026-07-20 06:40:00,6.231320207850368,0.4565079985854858
2026-07-20 06:50:00,8.103443379169043,0.9721112970475013
2026-07-20 07:00:00,5.698508476177813,0.3300384884890991
2026-07-20 07:10:00,4.501790671517635,0.2128141862991928
2026-07-20 07:20:00,8.288208492125422,0.966063332490478
2026-07-20 07:30:00,8.72160118282813,1.1743002762556187
2026-07-20 07:40:00,8.416751248859295,1.0444014469068037
2026-07-20 07:50:00,5.328892833602515,0.29659017752423433
2026-07-20 08:00:00,6.341590390400234,0.3828246651267869
2026-07-20 08:10:00,5.370863922360409,0.15660414995210817
2026-07-20 08:20:00,7.777539613760828,0.808712988237145
2026-07-20 08:30:00,10.34275910860075,1.8333172089611278
2026-07-20 08:40:00,12.935956063935762,3.0
2026-07-20 08:50:00,0.9898287139000583,0.0
2026-07-20 09:00:00,2.85141115218953,0.0
2026-07-20 09:10:00,7.168614455730469,0.6031047928361802
2026-07-20 09:20:00,6.041005441116769,0.37690715782293993
2026-07-20 09:30:00,8.165634000172755,0.9464590110289217
2026-07-20 09:40:00,7.465079441890029,0.7916044153488582
2026-07-20 09:50:00,8.607780336191128,1.3023261755941413
2026-07-20 10:00:00,6.861128444783234,0.6191125922386247
2026-07-20 10:10:00,3.032946385909243,0.2113114041608301
2026-07-20 10:20:00,5.122468978289054,0.18588550910517232
2026-07-20 10:30:00,3.238553879067483,0.0
2026-07-20 10:40:00,6.406906649198641,0.4053774909149788
2026-07-20 10:50:00,7.947635695327319,0.889709532668072
2026-07-20 11:00:00,8.792861165878051,1.288298348707496
2026-07-20 11:10:00,6.178024488742591,-0.586606477025357
2026-07-20 11:20:00,-8.98171679185147,1.1276043387802033
2026-07-20 11:30:00,0.0,-0.2
2026-07-20 11:40:00,6.575556204236882,0.3724783503170468
2026-07-20 11:50:00,5.457736116810813,
2026-07-20 12:00:00,10.049711777439029,1.9289996539223897
2026-07-20 12:10:00,9.036626569055208,1.372538197557914
2026-07-20 12:20:00,5.34159257926523,0.18930798927985615
2026-07-20 12:30:00,8.972064138624756,3.259379202097608
2026-07-20 12:40:00,8.944838705492554,1.3001084723074374
2026-07-20 12:50:00,0.8211366370868536,0.0
2026-07-20 13:00:00,5.064011536463512,0.07675183299528968
2026-07-20 13:10:00,10.947616085386889,2.456619152012226
2026-07-20 13:20:00,5.064444140945407,0.16821321149403728
2026-07-20 13:30:00,3.4548895274913587,0.0
2026-07-20 13:40:00,7.055112676023796,0.6234480013215099
2026-07-20 13:50:00,4.4549936281101665,0.014829977159256921
2026-07-20 14:00:00,9.315614578995504,
2026-07-20 14:10:00,7.605820176926111,0.6988108185013415
2026-07-20 14:20:00,6.888496446963352,0.5217085530047655
2026-07-20 14:30:00,4.4480430434250415,0.0
2026-07-20 14:40:00,7.828924154493287,0.9144939259219537
2026-07-20 14:50:00,5.341209868712475,0.09729471753352001
2026-07-20 15:00:00,10.855198701482081,3.9589496867106697
2026-07-20 15:10:00,7.178897332867757,0.40104736492660964
2026-07-20 15:20:00,14.271602031891867,3.0
2026-07-20 15:30:00,,0.45488048725596064
2026-07-20 15:40:00,7.786888891469516,
2026-07-20 15:50:00,4.164858862955878,0.02974509416509331
2026-07-20 16:00:00,7.6522473331962235,0.8191437358197124
2026-07-20 16:10:00,5.200766419842861,0.056773794113847864
2026-07-20 16:20:00,5.854986244947925,0.20389350225983788
2026-07-20 16:30:00,8.774080843108251,1.2594817090176846
2026-07-20 16:40:00,8.490611532194224,1.1287403206338786
2026-07-20 16:50:00,-11.262950133926548,2.2496661943445977
2026-07-20 17:00:00,9.27794986620532,1.4732925660039058
2026-07-20 17:10:00,6.211632354305608,0.4610222542232555
2026-07-20 17:20:00,9.229451386131775,1.4058110824336136
2026-07-20 17:30:00,4.440615535183151,0.0
2026-07-20 17:40:00,7.469964808377069,0.6705806311071325
2026-07-20 17:50:00,9.202609993444879,1.3791512250433895
2026-07-20 18:00:00,5.8310773878104545,0.30949175892185066
2026-07-20 18:10:00,2.064056568905306,0.0
2026-07-20 18:20:00,5.982745276646073,0.29428023952857585
2026-07-20 18:30:00,2.9717055332807734,0.0
2026-07-20 18:40:00,2.098638283985699,-0.2
2026-07-20 18:50:00,4.647969244306059,0.13978475077603408
2026-07-20 19:00:00,8.1771475159482,-1.2977741758165544
2026-07-20 19:10:00,7.799556201318412,0.8203679816862679
2026-07-20 19:20:00,8.150582740070346,1.0152583474473074
2026-07-20 19:30:00,6.236034121049718,0.4229996279297545
2026-07-20 19:40:00,11.04766533850057,2.3790386280396842
2026-07-20 19:50:00,4.288748869660982,0.0
2026-07-20 20:00:00,3.6668469246553275,0.04061999251133263
2026-07-20 20:10:00,6.893014921244532,0.4601043610423127
2026-07-20 20:20:00,2.957063198697208,0.0
2026-07-20 20:30:00,5.673855413317824,0.2521993282213519
2026-07-20 20:40:00,7.71692468749799,0.6985157753674702
2026-07-20 20:50:00,6.8847091097748185,0.7837638986747532
2026-07-20 21:00:00,10.956389419989558,2.260307205550086
2026-07-20 21:10:00,-6.354726018587193,0.27634882109002384
2026-07-20 21:20:00,9.513085180172768,1.681427250428635
2026-07-20 21:30:00,3.258976701651932,0.0
2026-07-20 21:40:00,6.7919974017294455,0.5924647061978919
2026-07-20 21:50:00,9.670530266484711,1.6572140186882411
2026-07-20 22:00:00,10.906151428720054,2.304689261840617
2026-07-20 22:10:00,7.221250828081603,0.8155494052166795
2026-07-20 22:20:00,5.458598218084302,0.1582446729386639
2026-07-20 22:30:00,3.0410189450465097,0.0
2026-07-20 22:40:00,11.060592456901235,2.4272783587430298
2026-07-20 22:50:00,9.002558722056436,1.5162683887450863
2026-07-20 23:00:00,3.339186859487728,0.012910333335700096
2026-07-20 23:10:00,12.163005517849918,3.0
2026-07-20 23:20:00,5.165728490494637,0.24853523474219336
2026-07-20 23:30:00,2.6212635348077047,0.0
2026-07-20 23:40:00,8.4539202861965,1.110356722122095
2026-07-20 23:50:00,6.9721520587184305,0.6951967785111381
2026-07-21 00:00:00,9.790002020725169,1.7077319767269503
2026-07-21 00:10:00,5.93615305832337,0.32845766302459234
2026-07-21 00:20:00,3.8756345419366234,0.0
2026-07-21 00:30:00,2.3328436436229607,0.0
2026-07-21 00:40:00,6.478254961453604,0.45371392643815883
2026-07-21 00:50:00,3.42824970131782,0.0
2026-07-21 01:00:00,8.532286646305488,1.0802259735930286
2026-07-21 01:10:00,7.780092435895977,1.0205874007035556
2026-07-21 01:20:00,9.247243687117749,1.4205130314158392
2026-07-21 01:30:00,3.990868307197272,0.0852093257353709
2026-07-21 01:40:00,9.94247290694166,1.8262493113203797
2026-07-21 01:50:00,5.550881260991374,0.2553458776094808
2026-07-21 02:00:00,5.153990951337992,0.06946908338471457
2026-07-21 02:10:00,10.134546148119941,1.8173650655360771
2026-07-21 02:20:00,6.928788785528649,0.64177300661126
2026-07-21 02:30:00,10.298922642910883,1.9129641969454565
2026-07-21 02:40:00,5.917151755620492,0.17191252439688365
2026-07-21 02:50:00,1.7378380267162106,0.0
2026-07-21 03:00:00,5.20528973949085,0.2828095993049359
2026-07-21 03:10:00,1.0800977047690825,0.0
2026-07-21 03:20:00,7.035474899679306,-0.7098626089925213
2026-07-21 03:30:00,11.298498220422413,2.53051343846409
2026-07-21 03:40:00,9.929636280073783,1.7536690837882414
2026-07-21 03:50:00,1.8376088581716106,
2026-07-21 04:00:00,8.232439996662354,0.9225164399494343
2026-07-21 04:10:00,8.564269214561762,1.192008544037145
2026-07-21 04:20:00,8.228859915711501,0.9673712781883285
2026-07-21 04:30:00,6.341045975099676,0.5172888955195043
2026-07-21 04:40:00,9.130155257801947,1.3337082379429557
2026-07-21 04:50:00,13.250330512390859,3.0
2026-07-21 05:00:00,10.382895493246286,1.9837957198580518
2026-07-21 05:10:00,10.867667129076693,2.2143650581213383
2026-07-21 05:20:00,5.8894262871300604,0.21777577294248474
2026-07-21 05:30:00,8.653288142263525,1.1844130305252325
2026-07-21 05:40:00,3.734715083206863,0.0
2026-07-21 05:50:00,4.809514601155815,0.20645136535915168
2026-07-21 06:00:00,6.892383329265441,0.4408325526631466
2026-07-21 06:10:00,8.844343421891402,3.5797656779795637
2026-07-21 06:20:00,2.922768236071451,0.0
2026-07-21 06:30:00,7.307852020089118,-0.8288576436887314
2026-07-21 06:40:00,,3.0
2026-07-21 06:50:00,2.770920919799238,0.0
2026-07-21 07:00:00,5.6717120028559975,0.31228485051152166
2026-07-21 07:10:00,11.924202793000628,2.8761074742604027
2026-07-21 07:20:00,,0.9181771553857122
2026-07-21 07:30:00,6.9332059392880705,0.630005013398118
2026-07-21 07:40:00,7.330208326513493,0.6795673220653323
2026-07-21 07:50:00,5.138795021900454,0.19429344974808332
2026-07-21 08:00:00,10.274018546161667,2.084957448218678
2026-07-21 08:10:00,5.513524294791244,0.2817602344043048
2026-07-21 08:20:00,6.279572136032292,0.3064695956371744
2026-07-21 08:30:00,5.024956980804505,0.1422114061415527
2026-07-21 08:40:00,8.94534465065018,1.3587984345111042
2026-07-21 08:50:00,5.437589827721034,0.1960437535501945
2026-07-21 09:00:00,-5.969691379478995,0.3608631527840005
2026-07-21 09:10:00,6.151964110287835,0.3782204039842923
2026-07-21 09:20:00,8.271201918329448,1.0299147725761528
2026-07-21 09:30:00,3.007489021997456,0.0
2026-07-21 09:40:00,-5.9943167396825,3.4348675483531803
2026-07-21 09:50:00,7.652750338620268,0.7356883342032459
2026-07-21 10:00:00,8.339295190845363,1.0208555171999847
2026-07-21 10:10:00,4.265820010254256,0.08660706945783074
2026-07-21 10:20:00,8.197121299551526,0.974888440127843
2026-07-21 10:30:00,8.238141093764863,0.8592914061223639
2026-07-21 10:40:00,4.555581090806594,0.0
2026-07-21 10:50:00,10.014079868271189,-2.1104174314521895
2026-07-21 11:00:00,3.5466495082944673,0.0
2026-07-21 11:10:00,3.84567294163612,0.07734281843920053
2026-07-21 11:20:00,6.714024675020131,0.579533329048768
2026-07-21 11:30:00,8.721754107274856,1.290657467983932
2026-07-21 11:40:00,8.085730447893793,1.1212596645913686
2026-07-21 11:50:00,11.360684919839853,2.5778406811487926
2026-07-21 12:00:00,13.602535500006553,3.0
2026-07-21 12:10:00,10.035503242347664,1.7786666010123768
2026-07-21 12:20:00,8.155499145879029,1.009505661774311
2026-07-21 12:30:00,9.710039432251076,1.7259365402825286
2026-07-21 12:40:00,10.223187921216784,2.0491376953791693
2026-07-21 12:50:00,3.3762867764975235,0.022917605048766818
2026-07-21 13:00:00,0.6611570984056279,0.0
2026-07-21 13:10:00,8.13672385500141,1.0116501448280548
2026-07-21 13:20:00,6.0902263594587955,0.3818701084835275
2026-07-21 13:30:00,8.274287243367285,0.9485313731697352
2026-07-21 13:40:00,13.105696521563102,3.0
2026-07-21 13:50:00,9.445772221826104,1.4597577814950864
2026-07-21 14:00:00,6.615334342444786,0.40593021189489764
2026-07-21 14:10:00,4.40317386849447,0.0
2026-07-21 14:20:00,10.759405762563796,2.347062463450668
2026-07-21 14:30:00,,0.0
2026-07-21 14:40:00,6.062312830921439,0.3690703655363033
2026-07-21 14:50:00,4.8936577068866685,0.14683275277197122
2026-07-21 15:00:00,9.329092857473924,1.485467432906128
2026-07-21 15:10:00,6.895831596840933,0.5750564887286027
2026-07-21 15:20:00,4.525482255319332,0.06146318995334685
2026-07-21 15:30:00,4.958056547082616,0.31577481319959
2026-07-21 15:40:00,9.192089963605886,1.5216871214481498
2026-07-21 15:50:00,11.993674605740786,2.982152999470571
2026-07-21 16:00:00,,0.12691995906910453
2026-07-21 16:10:00,4.55724819828809,0.0
2026-07-21 16:20:00,8.145726339564481,0.913816078606758
2026-07-21 16:30:00,8.130103033224337,0.9507407487126207
2026-07-21 16:40:00,10.380077390281569,2.0125175819589267
2026-07-21 16:50:00,4.775328656166508,0.12411352124837362
2026-07-21 17:00:00,9.846211060416916,1.6948692469379198
2026-07-21 17:10:00,7.42171873760073,0.664882439372512
2026-07-21 17:20:00,7.134434052555027,0.49615676516582624
2026-07-21 17:30:00,9.314318516520126,1.432752418933962
2026-07-21 17:40:00,6.1598292519613285,0.49752498480105856
2026-07-21 17:50:00,6.810564837934448,0.6093827870024594
2026-07-21 18:00:00,2.9746212914586074,0.0
2026-07-21 18:10:00,5.078568885344839,0.002453176559342435
2026-07-21 18:20:00,8.313884000696152,1.012644370289827
2026-07-21 18:30:00,,0.34039103533429155
2026-07-21 18:40:00,9.159232325771425,1.248332484751979
2026-07-21 18:50:00,7.768111632492819,0.8119625315352444
2026-07-21 19:00:00,2.258402691822905,0.0
2026-07-21 19:10:00,5.175055868598173,0.02748692562319152
2026-07-21 19:20:00,4.185675986464055,0.0
2026-07-21 19:30:00,9.804125730785758,1.6561230399678621
2026-07-21 19:40:00,13.920508102480902,3.0
2026-07-21 19:50:00,9.713364771062787,1.723261820258408
2026-07-21 20:00:00,9.499840289471496,1.516853512725804
2026-07-21 20:10:00,10.587887318811594,2.1405457159199486
2026-07-21 20:20:00,5.787694402191645,0.35549595077713336
2026-07-21 20:30:00,8.904035136739687,1.3200026377786127
2026-07-21 20:40:00,5.045525251454368,0.22548493651325535
2026-07-21 20:50:00,0.8197000702569959,0.0
2026-07-21 21:00:00,3.199407707181866,0.0
2026-07-21 21:10:00,6.654193689969556,0.5586211373730332
2026-07-21 21:20:00,-6.16997498158505,0.23873428607247477
2026-07-21 21:30:00,7.311729420947165,0.7145641967219198
2026-07-21 21:40:00,2.8859168965518194,0.0
2026-07-21 21:50:00,4.371577601651105,0.0
2026-07-21 22:00:00,,1.0111902058466204
2026-07-21 22:10:00,8.018414885747953,0.799607019264353
2026-07-21 22:20:00,9.961155969862169,1.8832290159485072
2026-07-21 22:30:00,5.813673267729221,0.11958530375904733
2026-07-21 22:40:00,4.486577720555255,0.1328502231534901
2026-07-21 22:50:00,7.216121229984219,0.6525861283312238
2026-07-21 23:00:00,9.631217535092912,1.6640738721118733
2026-07-21 23:10:00,7.6071070247154,0.662402723835398
2026-07-21 23:20:00,4.068868735901204,0.06668753739776928
2026-07-21 23:30:00,10.222927108002512,1.9314881635521137
2026-07-21 23:40:00,6.646732441273174,0.6894423595051892
2026-07-21 23:50:00,1.1504855498675708,0.0
2026-07-22 00:00:00,4.206755170705295,0.027674842193897996
2026-07-22 00:10:00,6.731611302705799,0.5163222069490608
2026-07-22 00:20:00,8.253793888217537,0.9010247491261872
2026-07-22 00:30:00,7.11629113314239,0.6438298130873383
2026-07-22 00:40:00,4.696161925643292,0.16157243033465776
2026-07-22 00:50:00,4.451366007559315,0.11173941930219031
2026-07-22 01:00:00,-9.138061334816923,1.176212397885027
2026-07-22 01:10:00,6.851615032638992,0.4352136765059037
2026-07-22 01:20:00,2.0947311901401644,0.0
2026-07-22 01:30:00,7.518865558717832,0.778067687125808
2026-07-22 01:40:00,4.944285417653073,0.0
2026-07-22 01:50:00,1.8386941755299242,0.0
2026-07-22 02:00:00,3.1767178736588724,0.0
2026-07-22 02:10:00,0.8990498773381717,0.0
2026-07-22 02:20:00,11.915857070174377,2.857906777935054
2026-07-22 02:30:00,7.220935862887207,0.7339297213824485
2026-07-22 02:40:00,10.44721678313547,2.0204364791249163
2026-07-22 02:50:00,2.9808866991770486,0.0
2026-07-22 03:00:00,7.673946927943774,0.8045616975402088
2026-07-22 03:10:00,1.2562862201359923,0.0
2026-07-22 03:20:00,6.532412664279573,0.336371743866688
2026-07-22 03:30:00,8.079430729420865,0.9801508784042993
2026-07-22 03:40:00,6.138428409274098,0.31262939155397884
2026-07-22 03:50:00,6.727339869230051,0.5807233284364731
2026-07-22 04:00:00,6.6214653163546995,0.3684922200395791
2026-07-22 04:10:00,2.1751859186263616,0.0
2026-07-22 04:20:00,10.518035548073797,2.097494274183925
2026-07-22 04:30:00,10.164910077219908,-2.0345327173791947
2026-07-22 04:40:00,6.141064726310868,0.35918967424733494
2026-07-22 04:50:00,8.319942113455872,1.2315342708793415
2026-07-22 05:00:00,10.290768569688712,1.8667662735973773
2026-07-22 05:10:00,7.760927389796721,0.8300112671948574
2026-07-22 05:20:00,-5.45057031095427,0.16218192347353988
2026-07-22 05:30:00,5.479444181408392,0.1666263185237825
2026-07-22 05:40:00,2.604152346511981,0.0
2026-07-22 05:50:00,6.664224444280859,0.604729341402322
2026-07-22 06:00:00,11.139787656859674,2.563068121563117
2026-07-22 06:10:00,,0.13958937413825534
2026-07-22 06:20:00,4.487088881033591,0.0
2026-07-22 06:30:00,7.2890609053487925,0.6243152624931572
2026-07-22 06:40:00,4.377556213711083,0.20108134585353432
2026-07-22 06:50:00,3.3691421374105244,0.07651290539578184
2026-07-22 07:00:00,11.033177179513803,2.2986288371044754
2026-07-22 07:10:00,6.182120267877524,0.47909283315544254
2026-07-22 07:20:00,5.593394548974179,0.33586140122037333
2026-07-22 07:30:00,8.062848459251965,0.9979411123259213
2026-07-22 07:40:00,10.980521259479769,2.282406915650225
2026-07-22 07:50:00,7.987535675742372,1.2109975600237983
2026-07-22 08:00:00,5.676085617355859,0.2828575558288103
2026-07-22 08:10:00,,1.1866244151886336
2026-07-22 08:20:00,9.670189518081594,1.6487170569211191
2026-07-22 08:30:00,8.638425246499597,1.1004859037004058
2026-07-22 08:40:00,,0.20338651824830756
2026-07-22 08:50:00,7.977141067392405,0.8856886065934154
2026-07-22 09:00:00,7.942753356581329,1.087491839967876
2026-07-22 09:10:00,9.952505934347098,1.8568610835785861
2026-07-22 09:20:00,4.53737216368686,0.0
2026-07-22 09:30:00,6.705206130791851,0.5651537965410025
2026-07-22 09:40:00,8.046033780579215,1.0048738899813412
2026-07-22 09:50:00,7.440785760839712,0.7984332911313958
2026-07-22 10:00:00,8.52233471953391,1.219154117612749
2026-07-22 10:10:00,3.967340252976313,0.05431078691713695
2026-07-22 10:20:00,11.44297695092196,2.6841231692252108
2026-07-22 10:30:00,12.288994521479818,3.0
2026-07-22 10:40:00,8.738841042328982,1.1948455542804437
2026-07-22 10:50:00,10.225103631404224,1.8582835264131634
2026-07-22 11:00:00,5.136336586913538,0.10153755225617099
2026-07-22 11:10:00,10.974099968045616,2.319331976660128
2026-07-22 11:20:00,5.931309594459022,0.2909979976157494
2026-07-22 11:30:00,8.591688936529774,1.1561167072864365
2026-07-22 11:40:00,4.596407072040069,0.18133438785375985
2026-07-22 11:50:00,6.301035721789608,0.3935257784111659
2026-07-22 12:00:00,7.933015072876006,0.8879815753193232
2026-07-22 12:10:00,7.873737991502925,0.8587928814886301
2026-07-22 12:20:00,7.171700653390256,0.6270318752780418
2026-07-22 12:30:00,8.415489688606671,1.2199788025376732
2026-07-22 12:40:00,11.742585292566822,2.938033052747472
2026-07-22 12:50:00,10.350249563128635,1.9951790624431944
2026-07-22 13:00:00,8.899942866253223,1.1963186299727329
2026-07-22 13:10:00,9.694340831088192,3.3043920759341856
2026-07-22 13:20:00,8.671625893190589,1.1685488090430565
2026-07-22 13:30:00,8.156886687154154,0.9502168022056435
2026-07-22 13:40:00,6.980020721854562,0.6590637584100122
2026-07-22 13:50:00,-6.663520248406991,0.47008542356770155
2026-07-22 14:00:00,9.275207153959665,1.3315420603628767
2026-07-22 14:10:00,7.634218056245583,0.8784601347846231
2026-07-22 14:20:00,11.544223333638959,2.6769117007707997
2026-07-22 14:30:00,7.117220241781074,0.614591016235665
2026-07-22 14:40:00,7.62361436120732,0.7172322365582188
2026-07-22 14:50:00,13.918038789834073,3.0
2026-07-22 15:00:00,4.842981202835993,0.001361115239002078
2026-07-22 15:10:00,4.469321438187375,0.15317610446057967
2026-07-22 15:20:00,1.8357318348635259,0.0
2026-07-22 15:30:00,8.830002298799773,1.2240924627723466
2026-07-22 15:40:00,3.6182544684702562,0.040630424762588074
2026-07-22 15:50:00,4.267035860629361,0.0
2026-07-22 16:00:00,5.567926575772153,0.39343212403988853
2026-07-22 16:10:00,7.951043691668881,0.7989297399932841
2026-07-22 16:20:00,4.8814381047076,0.1298070266388397
2026-07-22 16:30:00,10.673557421199167,2.271984799526487
2026-07-22 16:40:00,12.646841877050454,3.0
2026-07-22 16:50:00,5.853327242884925,0.30377526767972046
2026-07-22 17:00:00,2.1475735085101366,0.0
2026-07-22 17:10:00,10.290038505364858,1.8908680249533434
2026-07-22 17:20:00,10.051162938230398,1.8409968101521612
2026-07-22 17:30:00,5.620276778927224,0.24051612905496497
2026-07-22 17:40:00,11.071439281666747,2.541881898902036
2026-07-22 17:50:00,5.444074270849829,0.259952706248356
2026-07-22 18:00:00,14.269124002387388,3.0
2026-07-22 18:10:00,13.007665179711001,3.0
2026-07-22 18:20:00,2.102652188287794,0.0
2026-07-22 18:30:00,10.609760375542738,2.091346358236322
2026-07-22 18:40:00,0.0,0.0
2026-07-22 18:50:00,1.3221615028674671,0.0
2026-07-22 19:00:00,9.54229839553362,1.7108186240150223
2026-07-22 19:10:00,7.211645471411722,0.5687638002834496
2026-07-22 19:20:00,8.296617059344005,0.9093096387902949
2026-07-22 19:30:00,7.114198183327942,0.5608200390395814
2026-07-22 19:40:00,4.766670360829277,0.25388453561892876
2026-07-22 19:50:00,3.5958554785451824,0.0
2026-07-22 20:00:00,7.596561742357361,0.8608101774643819
2026-07-22 20:10:00,7.501298867818381,0.761848199255854
2026-07-22 20:20:00,9.984489233650512,1.9943751319901166
2026-07-22 20:30:00,6.258220912358964,0.42916801558932993
2026-07-22 20:40:00,6.94634708444223,-0.8955309576465318
2026-07-22 20:50:00,4.282450716576566,0.0
2026-07-22 21:00:00,1.613283021035116,0.0
2026-07-22 21:10:00,5.248660125812698,0.12456336600656062
2026-07-22 21:20:00,7.99420820474481,0.8690868315138962
2026-07-22 21:30:00,6.430234251487784,0.5249131889194125
2026-07-22 21:40:00,7.6460478082567285,0.7875528226895988
2026-07-22 21:50:00,8.163791607721226,1.0958261348009664
2026-07-22 22:00:00,7.2683091335792644,0.6272034699040903
2026-07-22 22:10:00,9.566042926948667,1.6854990039162219
2026-07-22 22:20:00,,0.3613391192834225
2026-07-22 22:30:00,8.767005647213155,1.2020452069124834
2026-07-22 22:40:00,7.916330138316272,0.9784786083810241
2026-07-22 22:50:00,10.904381347978143,2.207132529295888
2026-07-22 23:00:00,7.269951057663238,0.5878549306393467
2026-07-22 23:10:00,2.9512031762214512,0.0
2026-07-22 23:20:00,6.568814875206729,0.4581976570452086
2026-07-22 23:30:00,10.05410517066375,1.9381901319979205
2026-07-22 23:40:00,12.741601990067231,3.0
2026-07-22 23:50:00,,0.20095693638359172
2026-07-23 00:00:00,10.771196046886807,2.1728080254272184
2026-07-23 00:10:00,12.456919751131267,3.0
2026-07-23 00:20:00,11.091838707845088,2.4775618258666885
2026-07-23 00:30:00,8.612678546401355,1.1638429952354319
2026-07-23 00:40:00,8.571171889415158,1.1558409653167265
2026-07-23 00:50:00,5.386133476572203,0.13762883134492032
2026-07-23 01:00:00,3.4391540185249476,0.0
2026-07-23 01:10:00,5.866034612021709,0.23575756987975782
2026-07-23 01:20:00,3.27177484336456,0.0
2026-07-23 01:30:00,6.608115246775039,0.37698334285919
2026-07-23 01:40:00,9.293359713616967,1.476848481173397
2026-07-23 01:50:00,10.44276849009298,2.0085008677152945
2026-07-23 02:00:00,3.6162032238943818,0.10759306964914793
2026-07-23 02:10:00,2.8167795305567767,0.0
2026-07-23 02:20:00,11.16311984012651,2.470826383430488
2026-07-23 02:30:00,5.975797871050146,0.41450425607665037
2026-07-23 02:40:00,,0.43612226042807967
2026-07-23 02:50:00,12.020454140394328,3.0
2026-07-23 03:00:00,8.946834232779112,1.2164211396849205
2026-07-23 03:10:00,,0.0
2026-07-23 03:20:00,12.863153327540019,3.0
2026-07-23 03:30:00,,1.0949209523547312
2026-07-23 03:40:00,5.182312790405712,0.0
2026-07-23 03:50:00,10.483899909772537,2.1416268290235303
2026-07-23 04:00:00,6.556021005723579,0.4319197270096981
2026-07-23 04:10:00,8.306286860188923,1.159921152523338
2026-07-23 04:20:00,8.284536583112494,-1.3119518428845536
2026-07-23 04:30:00,10.178443349259085,1.7305602825257964
2026-07-23 04:40:00,8.719631744142928,1.1790288726656941
2026-07-23 04:50:00,4.616486757726024,0.04161957771146602
2026-07-23 05:00:00,11.487222731947863,2.778076576183735
2026-07-23 05:10:00,6.316910894717166,0.3856032743404917
2026-07-23 05:20:00,7.173081179014911,0.7677652198649405
2026-07-23 05:30:00,5.62862070622022,0.29640481556209486
2026-07-23 05:40:00,8.509678151760312,1.1058936829601431
2026-07-23 05:50:00,6.566094052320242,0.4440139423439424
2026-07-23 06:00:00,5.0351485401288345,0.3044314717785645
2026-07-23 06:10:00,8.66410844341532,1.1432503969417194
2026-07-23 06:20:00,2.6820167337790632,0.0
2026-07-23 06:30:00,6.615792259483152,0.6355084227812048
2026-07-23 06:40:00,-4.463006913562249,0.20471927183990662
2026-07-23 06:50:00,0.0,0.0
2026-07-23 07:00:00,5.6090315273759455,0.2458637814050272
2026-07-23 07:10:00,12.983683580433947,3.0
2026-07-23 07:20:00,12.39086628469016,3.0
2026-07-23 07:30:00,7.837055461219361,0.9507833911780599
2026-07-23 07:40:00,1.6916601741666337,0.0
2026-07-23 07:50:00,2.2174950028989286,0.0
2026-07-23 08:00:00,8.877291455467693,1.2404669018834749
2026-07-23 08:10:00,-8.92184968792009,1.0427239041291856
2026-07-23 08:20:00,0.5317088560898551,0.0
2026-07-23 08:30:00,9.17597517090918,3.9872554948885934
2026-07-23 08:40:00,12.178510357795247,3.0
2026-07-23 08:50:00,6.30553621870112,0.2921642358864956
2026-07-23 09:00:00,3.7960073357463946,0.0
2026-07-23 09:10:00,-3.32976755702499,0.0
2026-07-23 09:20:00,7.066731379865217,0.7602206059512995
2026-07-23 09:30:00,5.0033776284790035,0.2529346459588234
2026-07-23 09:40:00,4.996342017369878,0.05187340282553078
2026-07-23 09:50:00,12.109532209624941,3.0
2026-07-23 10:00:00,5.9975590100072536,0.3783767744488133
2026-07-23 10:10:00,10.2582296167812,1.8769874441502825
2026-07-23 10:20:00,5.729461369022983,0.298817371963599
2026-07-23 10:30:00,7.724459619031096,0.8222170816924029
2026-07-23 10:40:00,14.857178039429312,3.0
2026-07-23 10:50:00,7.434705701478066,0.7579860111462646
2026-07-23 11:00:00,4.987192405696186,-0.41534491145940244
2026-07-23 11:10:00,6.5399687130240585,0.40864237846603313
2026-07-23 11:20:00,7.669077321707192,0.8276398604413399
2026-07-23 11:30:00,5.06726758919604,0.11648225023177017
2026-07-23 11:40:00,11.818307614657265,-3.0087902381753135
2026-07-23 11:50:00,5.500592984714056,0.15787250604861666
2026-07-23 12:00:00,5.815963725141447,-0.5873980121395965
2026-07-23 12:10:00,10.653000853742684,2.3014079876443985
2026-07-23 12:20:00,7.396798380458514,0.7729796335583222
2026-07-23 12:30:00,1.1402760474747131,0.0
2026-07-23 12:40:00,7.469015691599675,0.7556801612824366
2026-07-23 12:50:00,8.599663539418511,1.2860088425880505
2026-07-23 13:00:00,7.013228069036597,0.5622276543951216
2026-07-23 13:10:00,4.063325976681788,0.12084638088179904
2026-07-23 13:20:00,7.158058630248383,0.6565273099403435
2026-07-23 13:30:00,9.034197055745947,1.3637889897264948
2026-07-23 13:40:00,7.5790936431291325,0.8387057811938419
2026-07-23 13:50:00,10.420758217955655,1.9980618738117415
2026-07-23 14:00:00,5.456998077638447,0.29152720805950294
2026-07-23 14:10:00,8.179321422436741,0.9889581691770772
2026-07-23 14:20:00,1.196897313920581,0.0
2026-07-23 14:30:00,7.3707133198173675,0.6554997326245906
2026-07-23 14:40:00,3.2758776249881043,0.0003166363212449121
2026-07-23 14:50:00,,1.9929173840890126
2026-07-23 15:00:00,7.5378300763978086,0.911464290560649
2026-07-23 15:10:00,1.4667571055536328,0.0
2026-07-23 15:20:00,4.50049632900001,0.0887907537927298
2026-07-23 15:30:00,7.001157397422176,0.5880499021426077
2026-07-23 15:40:00,4.0021434594126575,0.054836002839657685
2026-07-23 15:50:00,7.452763584372444,0.8402981879263652
2026-07-23 16:00:00,4.506843730340773,0.0
2026-07-23 16:10:00,-2.108756464007251,0.0
2026-07-23 16:20:00,4.195735095100698,0.0
2026-07-23 16:30:00,7.786134053906098,0.8732174306378834
2026-07-23 16:40:00,8.84659336086256,1.29638342205819
2026-07-23 16:50:00,4.076286347280865,0.0
2026-07-23 17:00:00,8.347077001832158,1.000925596484459
2026-07-23 17:10:00,3.755908374342102,0.0
2026-07-23 17:20:00,6.479840416947585,0.5558909545637971
2026-07-23 17:30:00,4.76827772212807,0.19568734516804348
2026-07-23 17:40:00,10.956370134014195,2.358366004224759
2026-07-23 17:50:00,6.333526399368572,0.48735217264507413
2026-07-23 18:00:00,6.003091459686735,0.4869208871158666
2026-07-23 18:10:00,8.90770580395168,1.4182571095165204
2026-07-23 18:20:00,7.615189318653815,0.7874428635479717
2026-07-23 18:30:00,6.803755049029015,0.4187878473955326
2026-07-23 18:40:00,9.875466748344904,1.7971597257044858
2026-07-23 18:50:00,8.50744674189163,
2026-07-23 19:00:00,0.0,0.0
2026-07-23 19:10:00,4.75443538599408,0.0
2026-07-23 19:20:00,12.268040568143086,3.0
2026-07-23 19:30:00,3.733382574136323,0.0
2026-07-23 19:40:00,11.699632598716233,2.8366865650221555
2026-07-23 19:50:00,6.909680189831056,0.6605933255366214
2026-07-23 20:00:00,10.16041870908613,1.887403394291222
2026-07-23 20:10:00,8.351304445698343,0.9721467716496719
2026-07-23 20:20:00,3.965223537918578,0.07668025421708036
2026-07-23 20:30:00,7.178813066949613,0.6864304865557759
2026-07-23 20:40:00,9.826698477904689,1.7801081992110275
2026-07-23 20:50:00,9.062897547568875,1.4436883123052975
2026-07-23 21:00:00,9.584247065773447,1.6230076041726778
2026-07-23 21:10:00,12.723983967428346,3.0
2026-07-23 21:20:00,10.273706618404926,1.9269133916502836
2026-07-23 21:30:00,6.555540821776589,0.4634492609396127
2026-07-23 21:40:00,3.0650051712540343,0.023653159228183444
2026-07-23 21:50:00,8.70114831179029,1.169066580547351
2026-07-23 22:00:00,6.628619979092558,0.42095103420925
2026-07-23 22:10:00,,0.46042756879653285
2026-07-23 22:20:00,2.848257378750322,0.0
2026-07-23 22:30:00,3.8354164140449867,0.12553846094313992
2026-07-23 22:40:00,,0.0
2026-07-23 22:50:00,12.328266657680983,3.0
2026-07-23 23:00:00,10.001571353791793,1.9570299251561807
2026-07-23 23:10:00,6.592413651405009,0.5099890983455179
2026-07-23 23:20:00,4.233364177073091,0.08424426633983512
2026-07-23 23:30:00,5.961819584954647,0.3590851493618879
2026-07-23 23:40:00,9.348109340975709,1.521568131321654
2026-07-23 23:50:00,3.604289630349851,0.06832224921681343
2026-07-24 00:00:00,2.4395904316444117,0.0
2026-07-24 00:10:00,3.196668261487825,0.0
2026-07-24 00:20:00,12.557531429978798,3.0
2026-07-24 00:30:00,5.033865743937219,0.045600912428672535
2026-07-24 00:40:00,8.903752971321143,1.1904372936568421
2026-07-24 00:50:00,3.906317179821812,0.0
2026-07-24 01:00:00,6.886044685106492,0.6193486416326525
2026-07-24 01:10:00,11.263395253330836,2.534041529200992
2026-07-24 01:20:00,2.5029581346524585,0.0
2026-07-24 01:30:00,10.400720313545062,1.936946325330156
2026-07-24 01:40:00,3.0618281988657925,0.0
2026-07-24 01:50:00,8.797001592153316,1.340162613377021
2026-07-24 02:00:00,4.962235713022374,0.1450578935940041
2026-07-24 02:10:00,10.658252202907134,-2.4836401348041304
2026-07-24 02:20:00,6.645087273444206,0.5978206907495245
2026-07-24 02:30:00,0.8323483939245033,0.0
2026-07-24 02:40:00,5.749016274334103,0.3196827307842178
2026-07-24 02:50:00,9.286550341490138,1.502320432089964
2026-07-24 03:00:00,4.091912812996245,0.09809654561937205
2026-07-24 03:10:00,,0.9655575574642319
2026-07-24 03:20:00,9.48408111429232,1.5445499793224873
2026-07-24 03:30:00,,0.5113763515604045
2026-07-24 03:40:00,3.9962847469251126,0.07330745666207941
2026-07-24 03:50:00,4.81812601808356,0.09487120493582438
2026-07-24 04:00:00,5.5037399821905595,0.19783279796588255
2026-07-24 04:10:00,14.788462301118638,3.0
2026-07-24 04:20:00,8.895681984599777,1.2701203424964143
2026-07-24 04:30:00,4.29553376759367,0.08663063048179372
2026-07-24 04:40:00,6.608503678834116,0.5989221244947959
2026-07-24 04:50:00,3.6757029072847427,0.0719575772499522
2026-07-24 05:00:00,15.090936707488986,-3.2
2026-07-24 05:10:00,9.01169267769019,1.2607007019465888
2026-07-24 05:20:00,5.347731583666716,0.1607732116425552
2026-07-24 05:30:00,9.032547748713128,1.247413617459338
2026-07-24 05:40:00,16.822887594417377,3.0
2026-07-24 05:50:00,5.204639182863427,0.3103255769342548
2026-07-24 06:00:00,6.766093077868865,0.48846999143691194
2026-07-24 06:10:00,6.77249567072954,0.4653981283571193
2026-07-24 06:20:00,4.7948611244961725,0.09874091681205105
2026-07-24 06:30:00,5.887818254721826,0.29813354196934394
2026-07-24 06:40:00,6.908720886997108,0.4449450415531293
2026-07-24 06:50:00,7.938777594809802,0.8355294846685454
2026-07-24 07:00:00,,0.9963893322732333
2026-07-24 07:10:00,6.9265304333932995,0.4586953073310862
2026-07-24 07:20:00,1.3685474477391057,-0.2
2026-07-24 07:30:00,7.265773865941222,0.6814364198719527
2026-07-24 07:40:00,7.232934593099999,0.5526476172007676
2026-07-24 07:50:00,4.080538833461715,0.1879050095567717
2026-07-24 08:00:00,5.839458089918967,0.2739293686228335
2026-07-24 08:10:00,11.330329491674698,2.46783687494044
2026-07-24 08:20:00,5.720446064769075,0.32673067269153255
2026-07-24 08:30:00,9.384375121500138,1.573815463209193
2026-07-24 08:40:00,6.698726770812263,3.8583877440841836
2026-07-24 08:50:00,8.874751197980748,1.2712011301689987
2026-07-24 09:00:00,9.352689526193952,1.5567653008587405
2026-07-24 09:10:00,9.04804862447089,1.3887791174183337
2026-07-24 09:20:00,6.01164667035269,0.41319566280090836
2026-07-24 09:30:00,4.792521560643804,0.17884590839556597
2026-07-24 09:40:00,3.478333564526171,0.08627211381808694
2026-07-24 09:50:00,7.334322341034667,0.7908833194685749
2026-07-24 10:00:00,2.7549502752608728,0.0
2026-07-24 10:10:00,10.051203575846905,1.896591837898252
2026-07-24 10:20:00,5.940790751425634,0.3703643300975597
2026-07-24 10:30:00,-5.167064264592116,0.1422593545032283
2026-07-24 10:40:00,0.0,0.0
2026-07-24 10:50:00,2.69151799777598,0.0
2026-07-24 11:00:00,3.745856131659919,0.0
2026-07-24 11:10:00,7.780060512547582,0.7733583449590822
2026-07-24 11:20:00,2.838148533894042,3.9720077651969747
2026-07-24 11:30:00,6.225970981272735,0.5484343423979899
2026-07-24 11:40:00,5.9510246742789965,0.2183038322676552
2026-07-24 11:50:00,4.27840101129523,0.10145060774957082
2026-07-24 12:00:00,6.46020475189344,0.428266166544137
2026-07-24 12:10:00,8.071282056497285,0.9892099841887342
2026-07-24 12:20:00,2.6831590770974296,0.0
2026-07-24 12:30:00,9.819922216146573,1.8259359861383824
2026-07-24 12:40:00,11.443616264855974,2.545549549348091
2026-07-24 12:50:00,4.878720745565753,0.12182898888668531
2026-07-24 13:00:00,7.207957931812456,-0.8271804742771884
2026-07-24 13:10:00,5.103798580303067,0.1675170819077079
2026-07-24 13:20:00,9.711977348601165,1.7181801815139108
2026-07-24 13:30:00,5.571026860388086,0.24739828499454933
2026-07-24 13:40:00,1.272587203239393,0.0
2026-07-24 13:50:00,2.925004041153362,0.0
2026-07-24 14:00:00,4.265453464871413,0.049633785101587
2026-07-24 14:10:00,6.2095885198654335,0.3140392719976922
2026-07-24 14:20:00,13.00177731010175,3.0
2026-07-24 14:30:00,8.597751674773942,1.2410421434530172
2026-07-24 14:40:00,9.35956569987276,1.5729993967091147
2026-07-24 14:50:00,6.957957206262191,0.42332784306202376
2026-07-24 15:00:00,4.310470008621525,0.026581536074079447
2026-07-24 15:10:00,12.185006836831569,3.0
2026-07-24 15:20:00,4.8226995417725735,0.05826685226098384
2026-07-24 15:30:00,3.823992486412635,0.026923256370238624
2026-07-24 15:40:00,6.1881021350459555,0.4733583839300569
2026-07-24 15:50:00,5.325186761691142,0.2917596500243897
2026-07-24 16:00:00,6.908112297742142,0.5014351609671704
2026-07-24 16:10:00,-12.88045545061316,3.0
2026-07-24 16:20:00,4.140090348944019,0.0
2026-07-24 16:30:00,9.319113252778067,1.5722250180169752
2026-07-24 16:40:00,8.35408214365649,1.0990160373458
2026-07-24 16:50:00,4.063307951327124,0.06956197741872289
2026-07-24 17:00:00,7.016481708809971,0.5179600420101118
2026-07-24 17:10:00,10.586266274143828,
2026-07-24 17:20:00,8.979845554129508,-1.4325794111176113
2026-07-24 17:30:00,6.200627568481282,0.4845814329286562
2026-07-24 17:40:00,3.3358366315601957,0.20814944149123965
2026-07-24 17:50:00,3.6701080890274334,0.006583014227532916
2026-07-24 18:00:00,7.728399696645353,0.8431675747959237
2026-07-24 18:10:00,9.649627580333982,1.6900996315007641
2026-07-24 18:20:00,7.852448923126643,0.8549578665043478
2026-07-24 18:30:00,5.56905979100635,0.23949862792530752
2026-07-24 18:40:00,5.21818832430186,0.16953576877861268
2026-07-24 18:50:00,7.768743012267549,0.8787039734189007
2026-07-24 19:00:00,7.036297091735012,0.5680329203715535
2026-07-24 19:10:00,,0.0
2026-07-24 19:20:00,5.988921548743523,0.2039616548987259
2026-07-24 19:30:00,9.203331048956155,1.5162412155669378
2026-07-24 19:40:00,3.6583950392634614,0.05270992394741873
2026-07-24 19:50:00,11.402974870777305,2.4931359965479145
2026-07-24 20:00:00,2.7752213106580355,0.0
2026-07-24 20:10:00,13.483260789675045,3.0
2026-07-24 20:20:00,2.3927014721010176,0.0
2026-07-24 20:30:00,7.786841485583698,0.8663406182740273
2026-07-24 20:40:00,9.139386659897733,1.5382258137864033
2026-07-24 20:50:00,11.597736226797485,3.6511209620478304
2026-07-24 21:00:00,9.883325785118071,1.6091237404636618
2026-07-24 21:10:00,10.743321151423006,2.1585324755931166
2026-07-24 21:20:00,2.429883104316131,0.0
2026-07-24 21:30:00,5.125622036497488,0.2623905119742176
2026-07-24 21:40:00,4.886200044439427,0.2471223686221306
2026-07-24 21:50:00,8.17392807371588,1.070284690440789
2026-07-24 22:00:00,5.4282286222708205,0.2130979019008507
2026-07-24 22:10:00,8.212049158143301,0.9715237107773189
2026-07-24 22:20:00,8.343150803421413,1.0685850286110186
2026-07-24 22:30:00,0.0,0.0
2026-07-24 22:40:00,7.334972696348183,0.7995411646130853
2026-07-24 22:50:00,6.890665947309583,0.5308933073466188
2026-07-24 23:00:00,6.119422564701068,0.25594644959013024
2026-07-24 23:10:00,5.627210020320856,0.2979086949462814
2026-07-24 23:20:00,6.5633066023517985,0.3177678895881394
2026-07-24 23:30:00,9.460102669241602,1.4815500566363438
2026-07-24 23:40:00,4.1232654923539815,0.11468007960686416
2026-07-24 23:50:00,4.178123705408866,
2026-07-25 00:00:00,7.667452666387938,0.8607706395398761
2026-07-25 00:10:00,6.012529709234221,0.3141762065121569
2026-07-25 00:20:00,3.1847346084954626,0.07525979867576753
2026-07-25 00:30:00,12.340938653657101,3.0
2026-07-25 00:40:00,6.646204887731839,0.2963157836016945
2026-07-25 00:50:00,5.066926135296731,0.14205829936956824
2026-07-25 01:00:00,9.934118658664303,1.9116153908862272
2026-07-25 01:10:00,1.8071999899955902,0.0
2026-07-25 01:20:00,10.356225148127422,2.045896426064734
2026-07-25 01:30:00,,0.6070176257015298
2026-07-25 01:40:00,6.122750618530906,0.33074215214233477
2026-07-25 01:50:00,4.904262677502142,0.015624519918197924
2026-07-25 02:00:00,9.268410242282641,1.3647888468703107
2026-07-25 02:10:00,9.931938438714697,-1.982157929314926
2026-07-25 02:20:00,4.265052823902468,0.0
2026-07-25 02:30:00,8.905821517714482,1.2557999747147144
2026-07-25 02:40:00,10.223854701701395,1.9372465200653606
2026-07-25 02:50:00,5.4701301558992155,0.15211964386300952
2026-07-25 03:00:00,4.308082475811668,0.07437387577704277
2026-07-25 03:10:00,-3.4863038243986066,0.0
2026-07-25 03:20:00,9.345233645604388,1.510930069434497
2026-07-25 03:30:00,7.427038211979614,0.6922275555947115
2026-07-25 03:40:00,3.119068389684136,0.0
2026-07-25 03:50:00,4.78821497021417,0.044769306746729326
2026-07-25 04:00:00,5.291590219428934,0.2534003821714788
2026-07-25 04:10:00,8.3610809395206,1.1265902699654191
2026-07-25 04:20:00,8.582569564750264,1.0773272877736506
2026-07-25 04:30:00,4.160920855239116,0.12790910512835196
2026-07-25 04:40:00,6.688951717137697,0.5896938945726161
2026-07-25 04:50:00,10.442830180444474,2.1327058745280687
2026-07-25 05:00:00,5.084951440228785,0.36898163166239123
2026-07-25 05:10:00,4.598793420028978,0.14552208298736863
2026-07-25 05:20:00,10.782989869309416,2.248453096483676
2026-07-25 05:30:00,3.7270139282587658,0.0
2026-07-25 05:40:00,4.2512494165978065,0.0
2026-07-25 05:50:00,5.768262939651249,0.2751193728981227
2026-07-25 06:00:00,5.75511949387341,
2026-07-25 06:10:00,9.724880306636766,1.7224691507941128
2026-07-25 06:20:00,,0.4563040619869505
2026-07-25 06:30:00,8.14649879090038,1.0652362332753074
2026-07-25 06:40:00,0.49913872179651975,0.0
2026-07-25 06:50:00,11.237345057943752,2.406029854183247
2026-07-25 07:00:00,,0.07867695417692235
2026-07-25 07:10:00,5.581646955198842,0.1924132485303884
2026-07-25 07:20:00,7.7166381406451166,0.7874641184403707
2026-07-25 07:30:00,6.429352583848451,0.4993837850330095
2026-07-25 07:40:00,2.2486405908725686,0.0
2026-07-25 07:50:00,6.1929603620380975,0.3841040590446697
2026-07-25 08:00:00,5.023319627369478,0.06099370861633979
2026-07-25 08:10:00,8.690114322450082,1.2905704245567378
2026-07-25 08:20:00,9.909997856404798,1.6697544263481041
2026-07-25 08:30:00,9.494905135008914,1.6232171876932509
2026-07-25 08:40:00,,0.6504693787658614
2026-07-25 08:50:00,12.534797085668716,3.0
2026-07-25 09:00:00,6.2387512281057695,0.4055418394440212
2026-07-25 09:10:00,3.5132137703682647,0.0
2026-07-25 09:20:00,11.661067400562981,3.0
2026-07-25 09:30:00,11.226345547328158,2.486457496844627
2026-07-25 09:40:00,10.00266125846756,
2026-07-25 09:50:00,4.193684361721687,0.002867544971849177
2026-07-25 10:00:00,10.270990725177468,
2026-07-25 10:10:00,6.534945972980508,0.4976973560497284
2026-07-25 10:20:00,8.514228347392226,1.1554887653799386
2026-07-25 10:30:00,-4.6074769839919485,0.06200436982651572
2026-07-25 10:40:00,8.422881260151335,1.0040796128068445
2026-07-25 10:50:00,6.4225804216682185,0.5678308197701825
2026-07-25 11:00:00,5.696125854422963,0.3853817532523501
2026-07-25 11:10:00,11.427146689380127,2.49800376697275
2026-07-25 11:20:00,2.6662790698233874,0.0
2026-07-25 11:30:00,1.1034805747594794,0.0
2026-07-25 11:40:00,8.63798961869448,1.1449607923804532
2026-07-25 11:50:00,9.285814781036358,1.5679296230802737
2026-07-25 12:00:00,7.491326371877022,0.7461256555449657
2026-07-25 12:10:00,7.003270723160246,0.6535207968573769
2026-07-25 12:20:00,7.208553315598914,0.7175257325982757
2026-07-25 12:30:00,13.292381809247486,3.0
2026-07-25 12:40:00,9.4687727540481,1.5690915630308095
2026-07-25 12:50:00,6.119359186565701,0.48766149291284244
2026-07-25 13:00:00,5.283368893914437,0.3527960186165522
2026-07-25 13:10:00,8.930037734220766,1.2211287377144022
2026-07-25 13:20:00,5.746402396529548,0.3018280163252072
2026-07-25 13:30:00,6.706735364827911,0.553467175505896
2026-07-25 13:40:00,6.647508106328937,0.6721272339360389
2026-07-25 13:50:00,10.80402527751717,2.2199683164081248
2026-07-25 14:00:00,7.290214030054299,0.8469286489993801
2026-07-25 14:10:00,2.773211609301251,-0.2
2026-07-25 14:20:00,11.685306164893426,2.696362095628134
2026-07-25 14:30:00,4.450150944634759,0.16445763066010013
2026-07-25 14:40:00,8.041637537600513,1.0857647604604472
2026-07-25 14:50:00,10.427656094889706,2.1758079839351443
2026-07-25 15:00:00,6.372885302158757,
2026-07-25 15:10:00,7.71100714719349,0.8133903810564417
2026-07-25 15:20:00,12.361888537978182,3.0
2026-07-25 15:30:00,2.698822685986994,0.0
2026-07-25 15:40:00,7.491784190819752,1.00672059930442
2026-07-25 15:50:00,12.192988540381576,3.0
2026-07-25 16:00:00,8.443996537711312,1.0830976881277499
2026-07-25 16:10:00,7.48543467885129,0.6012560674046649
2026-07-25 16:20:00,5.255349313668865,0.18841453575435818
2026-07-25 16:30:00,-5.156092380976885,0.1365766675354631
2026-07-25 16:40:00,5.93412125926603,0.21365710965888587
2026-07-25 16:50:00,8.877674625846227,1.326286861723024
2026-07-25 17:00:00,8.029010795593575,0.7756003439839992
2026-07-25 17:10:00,7.03513686951517,0.5158883242603506
2026-07-25 17:20:00,7.3264115498526845,0.5649425157437652
2026-07-25 17:30:00,7.969415135148237,0.9623123913876321
2026-07-25 17:40:00,6.017220011005536,0.39216190708151183
2026-07-25 17:50:00,9.61551735624533,1.4981610799951675
2026-07-25 18:00:00,9.019378765857509,1.3266845977144976
2026-07-25 18:10:00,4.955661944825756,0.23225722584836533
2026-07-25 18:20:00,7.029527061808905,0.6057391783776337
2026-07-25 18:30:00,4.946025271458919,0.2960925374298622
2026-07-25 18:40:00,7.093255719643535,0.521908892229478
2026-07-25 18:50:00,11.593536593154312,2.675904067298692
2026-07-25 19:00:00,4.191446081690685,0.1522581506896471
2026-07-25 19:10:00,6.507457906111121,0.44780006557396085
2026-07-25 19:20:00,3.276666804872841,0.0
2026-07-25 19:30:00,4.997674705911342,0.0873075026623889
2026-07-25 19:40:00,9.143435479354933,1.4211191767586109
2026-07-25 19:50:00,6.548544526469131,0.5473595782713105
2026-07-25 20:00:00,9.82313180053426,1.709611932137377
2026-07-25 20:10:00,5.629527722556972,0.2637666940454143
2026-07-25 20:20:00,5.179615642697108,0.27111962875899026
2026-07-25 20:30:00,9.458313315158133,1.4943991429759402
2026-07-25 20:40:00,6.799695531962131,0.5459675657303054
2026-07-25 20:50:00,6.039859596906011,0.2746059052710078
2026-07-25 21:00:00,4.888649245244429,0.1396908325322876
2026-07-25 21:10:00,5.790944630215973,0.3600338691881823
2026-07-25 21:20:00,5.717014269323807,0.17308167833436527
2026-07-25 21:30:00,10.26250400124431,1.8868903260916767
2026-07-25 21:40:00,9.955330373430193,1.8466592556023869
2026-07-25 21:50:00,6.263893556143138,0.358162584465968
2026-07-25 22:00:00,9.927186824179964,1.8605500812881186
2026-07-25 22:10:00,0.0,0.0
2026-07-25 22:20:00,-12.988150446148346,3.0
2026-07-25 22:30:00,9.083567353164835,1.3587025489645943
2026-07-25 22:40:00,5.908499071602934,-0.5047550542617105
2026-07-25 22:50:00,8.988164783602619,1.2523631772070165
2026-07-25 23:00:00,5.963761246117347,0.3660688089925055
2026-07-25 23:10:00,4.764561879024672,0.20413759245163482
2026-07-25 23:20:00,6.009330409491543,0.3485803346489371
2026-07-25 23:30:00,8.5723715102825,1.287785441770813
2026-07-25 23:40:00,6.571799619800693,0.5790838661539401
2026-07-25 23:50:00,8.705242319388555,1.2311895140136182
2026-07-26 00:00:00,8.297823858972867,0.9690534016420705
2026-07-26 00:10:00,7.015238471394128,0.6824164487881847
2026-07-26 00:20:00,8.718953633502002,0.9910584495700494
2026-07-26 00:30:00,10.554328370112293,2.1727134124431067
2026-07-26 00:40:00,10.825774314653426,2.3458492265559343
2026-07-26 00:50:00,4.969708584857395,3.653874044649772
2026-07-26 01:00:00,6.915887516411163,0.5226261816832719
2026-07-26 01:10:00,5.9949094029583545,0.2882510680674944
2026-07-26 01:20:00,-8.48256040596803,0.988557369201287
2026-07-26 01:30:00,13.714276992744177,3.0
2026-07-26 01:40:00,5.444092890117689,0.21235659732371023
2026-07-26 01:50:00,7.839814804467937,0.9962862015552466
2026-07-26 02:00:00,10.428032191898165,2.00041218206459
2026-07-26 02:10:00,11.46028663594221,2.647561690723257
2026-07-26 02:20:00,8.531736371380486,1.2175466250711857
2026-07-26 02:30:00,4.739405098548772,0.19578832374314153
2026-07-26 02:40:00,5.987975489402743,0.28827478691403774
2026-07-26 02:50:00,7.343839862414763,0.6774801754505232
2026-07-26 03:00:00,6.9491685731858475,0.4767670986619353
2026-07-26 03:10:00,14.025914758058235,3.911448434971501
2026-07-26 03:20:00,8.220660347983708,1.0640763517266547
2026-07-26 03:30:00,10.706737427061487,2.3202386807831474
2026-07-26 03:40:00,2.5733664027276095,0.0
2026-07-26 03:50:00,10.10961125269529,1.8718737730413
2026-07-26 04:00:00,8.544697024790976,1.0560025486473334
2026-07-26 04:10:00,2.6901671130688465,0.0
2026-07-26 04:20:00,5.847472548871927,0.3466991977347066
2026-07-26 04:30:00,8.271724347717763,1.072447425493618
2026-07-26 04:40:00,8.031034679136406,0.9849920719080837
2026-07-26 04:50:00,10.873358075810486,2.4338480340158646
2026-07-26 05:00:00,1.4550746637600422,0.0
2026-07-26 05:10:00,-7.085191069102394,0.4015492529731137
2026-07-26 05:20:00,1.8772365923033343,0.0
2026-07-26 05:30:00,7.484094860052992,0.7744696914865803
2026-07-26 05:40:00,5.147855695427909,0.17135106002579184
2026-07-26 05:50:00,9.382272136333441,1.5865260058888868
2026-07-26 06:00:00,5.908375386796289,0.10247698803327968
2026-07-26 06:10:00,5.500474984220885,0.3062853863225836
2026-07-26 06:20:00,10.690669892013783,2.05917530889871
2026-07-26 06:30:00,11.913728670393795,2.8332399886040296
2026-07-26 06:40:00,3.0547312246257974,0.016805361770710275
2026-07-26 06:50:00,4.425072229357072,0.05969642513057507
2026-07-26 07:00:00,6.999733444736772,0.5705451764547299
2026-07-26 07:10:00,8.643841286921576,1.1793551589333202
2026-07-26 07:20:00,10.132116538645938,1.882608072331864
2026-07-26 07:30:00,8.996852084306068,1.3613911909054304
2026-07-26 07:40:00,12.511452861413577,3.0
2026-07-26 07:50:00,7.596522586213128,0.7335085455344162
2026-07-26 08:00:00,11.732319076070901,2.793063548157674
2026-07-26 08:10:00,13.318344231259529,3.0
2026-07-26 08:20:00,9.432856836735318,1.5960022850613211
2026-07-26 08:30:00,7.16198315639633,0.6811445688737797
2026-07-26 08:40:00,4.6954281071999695,0.0
2026-07-26 08:50:00,8.156107186307345,1.156284914948564
2026-07-26 09:00:00,7.3004131064910025,0.8141626605305221
2026-07-26 09:10:00,11.067804992302484,2.3715807288488713
2026-07-26 09:20:00,8.801864815498394,1.2578315038481098
2026-07-26 09:30:00,6.810158392574668,0.5014012535413213
2026-07-26 09:40:00,9.766045792825192,1.6032950722025627
2026-07-26 09:50:00,3.885906855629376,0.12098751521219185
2026-07-26 10:00:00,14.752418818291128,3.0
2026-07-26 10:10:00,6.750543749589721,0.496157849224321
2026-07-26 10:20:00,10.99114622571841,2.3727774360908893
2026-07-26 10:30:00,1.6878257270342303,0.0
2026-07-26 10:40:00,9.013537224227383,1.2349463353111956
2026-07-26 10:50:00,5.167573986832979,0.2512082564942145
2026-07-26 11:00:00,4.540199136957085,0.1379330055669164
2026-07-26 11:10:00,7.57662719977589,0.6946867497375525
2026-07-26 11:20:00,11.007950578260967,2.4334728774603973
2026-07-26 11:30:00,4.994065715706288,0.09948506264976484
2026-07-26 11:40:00,11.72623651617309,2.8567396716147284
2026-07-26 11:50:00,11.48675503307817,2.7105874001991683
2026-07-26 12:00:00,6.686912561728175,
2026-07-26 12:10:00,5.367468448420588,0.21391674159325944
2026-07-26 12:20:00,4.670434085434269,0.13550097295197586
2026-07-26 12:30:00,2.1974867640075866,0.0
2026-07-26 12:40:00,11.273591976783509,2.5461481210083177
2026-07-26 12:50:00,9.009134947172473,
2026-07-26 13:00:00,3.53678306269461,0.19004867131361144
2026-07-26 13:10:00,2.5280091375688496,0.0
2026-07-26 13:20:00,7.793446285706796,0.8401256777911944
2026-07-26 13:30:00,10.818200831519583,2.2939959426100756
2026-07-26 13:40:00,9.517292326478195,1.5619493891229295
2026-07-26 13:50:00,8.666898102806423,1.2257044771339556
2026-07-26 14:00:00,8.879601330377941,1.3608918927951412
2026-07-26 14:10:00,1.149358175707432,0.0
2026-07-26 14:20:00,5.846690498448752,0.3504392061006565
2026-07-26 14:30:00,6.768815845663828,0.49738886811517136
2026-07-26 14:40:00,7.0970237842418475,0.5233007055143901
2026-07-26 14:50:00,2.237321918870645,0.0
2026-07-26 15:00:00,6.449160189617813,0.539482160942066
2026-07-26 15:10:00,8.874384673922528,1.3833495684188575
2026-07-26 15:20:00,0.0,0.0
2026-07-26 15:30:00,5.536340743171841,0.28375050961485826
2026-07-26 15:40:00,9.842914696662014,1.517275226131119
2026-07-26 15:50:00,7.345557073968273,0.7203006194967281
2026-07-26 16:00:00,,1.5072666037239992
2026-07-26 16:10:00,5.785953646997444,0.33096321596081507
2026-07-26 16:20:00,5.986653533700799,0.2740322487479091
2026-07-26 16:30:00,-2.5545804869765094,0.0
2026-07-26 16:40:00,10.34472792593153,2.024983390449809
2026-07-26 16:50:00,8.862457469339486,1.2890751180229603
2026-07-26 17:00:00,8.057084329483605,0.8935680535144227
2026-07-26 17:10:00,3.224421919609577,0.044008530088723685
2026-07-26 17:20:00,11.632637201502835,2.721263026418739
2026-07-26 17:30:00,-9.71745709646843,1.4440491806437037
2026-07-26 17:40:00,9.448292341884212,1.4854594013335278
2026-07-26 17:50:00,12.439256890357072,3.0
2026-07-26 18:00:00,12.853993257612302,3.0
2026-07-26 18:10:00,4.8186602235235405,0.14635828623581543
2026-07-26 18:20:00,5.8423773956986835,0.3043366383317987
2026-07-26 18:30:00,5.047521816590599,0.026088531365723366
2026-07-26 18:40:00,,0.0
2026-07-26 18:50:00,5.867227906665759,0.2748818904714723
2026-07-26 19:00:00,3.2864712764745505,0.0
2026-07-26 19:10:00,10.690409307059769,2.1153003755997775
2026-07-26 19:20:00,9.584484061038292,1.6280066837229534
2026-07-26 19:30:00,7.1936716462012225,0.5262247072007435
2026-07-26 19:40:00,1.878349066286277,0.0
2026-07-26 19:50:00,6.426469863243574,0.45950732386265836
2026-07-26 20:00:00,10.73690442815262,2.1935177250821356
2026-07-26 20:10:00,4.202691243312971,0.0
2026-07-26 20:20:00,3.565582834680953,0.05719426835527369
2026-07-26 20:30:00,6.753618903467162,0.4855796881303231
2026-07-26 20:40:00,5.935001206803597,0.4625904539540633
2026-07-26 20:50:00,,2.10161887020389
2026-07-26 21:00:00,7.048730140022657,0.5081903645172214
2026-07-26 21:10:00,4.67211249717379,0.03430108639597555
2026-07-26 21:20:00,8.261381813976305,1.027501800905099
2026-07-26 21:30:00,5.669450372108285,0.21444153145701836
2026-07-26 21:40:00,6.696251281837217,0.34723761961235444
2026-07-26 21:50:00,7.484370296307955,0.8256893845407287
2026-07-26 22:00:00,10.862890030410883,2.2939560552428238
2026-07-26 22:10:00,8.906295602976707,3.7067883399758355
2026-07-26 22:20:00,4.151693013358246,0.0
2026-07-26 22:30:00,8.456412487412754,0.980043929597846
2026-07-26 22:40:00,9.77508936837379,1.7129333257256183
2026-07-26 22:50:00,9.529354037794812,1.6442987301171608
2026-07-26 23:00:00,5.040276720045677,0.12997450593670912
2026-07-26 23:10:00,7.729896445707997,0.7518068132166272
2026-07-26 23:20:00,7.606197550969,0.7346487707521215
2026-07-26 23:30:00,9.996410439476085,1.7854242314196673
2026-07-26 23:40:00,3.260929848374664,3.4108386137653253
2026-07-26 23:50:00,8.264369909916045,0.9658924819819354
2026-07-27 00:00:00,8.986366491662547,1.2731885170358568
2026-07-27 00:10:00,-5.396708973409419,0.0
2026-07-27 00:20:00,-8.394407907345217,0.7962285417126084
2026-07-27 00:30:00,3.9725395051914,0.06965398509311038
2026-07-27 00:40:00,5.796205409001556,0.07742055977972481
2026-07-27 00:50:00,3.18134433327286,0.0
2026-07-27 01:00:00,2.710865722290717,0.0
2026-07-27 01:10:00,10.028941709394683,1.821248235647053
2026-07-27 01:20:00,9.543192547676723,1.5956920755082578
2026-07-27 01:30:00,6.045320897682599,0.3407299770548102
2026-07-27 01:40:00,7.2826133085898705,0.6071161474951485
2026-07-27 01:50:00,8.429687374904573,1.1417732497876576
2026-07-27 02:00:00,10.056902635551024,1.7246241063446126
2026-07-27 02:10:00,9.470372161897085,3.934647690958366
2026-07-27 02:20:00,8.57509765956684,1.0647106042258783
2026-07-27 02:30:00,1.8797773957998656,0.0
2026-07-27 02:40:00,6.332118744272954,0.4102338761709611
2026-07-27 02:50:00,10.908877593896165,-2.5974704870249017
2026-07-27 03:00:00,9.698047954575355,1.791206275150166
2026-07-27 03:10:00,8.875432328423498,1.3383369280398896
2026-07-27 03:20:00,8.329224289848195,
2026-07-27 03:30:00,3.2667401152437483,0.0
2026-07-27 03:40:00,5.643259947928839,0.16317985889915776
2026-07-27 03:50:00,8.547804027293122,1.1561222813889456
2026-07-27 04:00:00,11.573493895805681,2.5908994097807327
2026-07-27 04:10:00,9.68747753025296,-1.8084313722768983
2026-07-27 04:20:00,10.20883705895936,1.9153121857471067
2026-07-27 04:30:00,8.463599996805897,1.1129604515618656
2026-07-27 04:40:00,5.878124715293158,0.2681967355943081
2026-07-27 04:50:00,4.829314499506903,0.20612812906201733
2026-07-27 05:00:00,,0.07462178542374898
2026-07-27 05:10:00,1.9146707294403074,0.0
2026-07-27 05:20:00,3.933969623825311,0.13303502733468803
2026-07-27 05:30:00,4.410144819793204,0.10815658921072804
2026-07-27 05:40:00,7.475645107334357,0.757060359192379
2026-07-27 05:50:00,2.630918531830061,0.0
2026-07-27 06:00:00,4.0629919636692895,
2026-07-27 06:10:00,6.681833744722846,0.5214120098645288
2026-07-27 06:20:00,9.15505069680149,1.407129118032944
2026-07-27 06:30:00,-6.260059337370158,0.34921665708034927
2026-07-27 06:40:00,7.950037034678807,0.80365973947052
2026-07-27 06:50:00,8.335544335612646,1.091389568278496
2026-07-27 07:00:00,3.667894348539074,0.09179321906115305
2026-07-27 07:10:00,11.07143690879646,2.5729070505997766
2026-07-27 07:20:00,0.012061075661962128,0.0
2026-07-27 07:30:00,1.1755591751886891,0.0
2026-07-27 07:40:00,7.298485254834616,0.8362320514155481
2026-07-27 07:50:00,3.1231099062029557,0.0
2026-07-27 08:00:00,5.742249792987021,0.10270117239640178
2026-07-27 08:10:00,7.67657527038775,0.8996737126925689
2026-07-27 08:20:00,10.48598219144139,2.0624758464102873
2026-07-27 08:30:00,6.8536483027542445,0.3586290270956196
2026-07-27 08:40:00,3.3325816570480047,0.05961174510581689
2026-07-27 08:50:00,7.62625975140179,0.8311515194882161
2026-07-27 09:00:00,10.621337945929683,2.2937588223904894
2026-07-27 09:10:00,8.475755521690969,
2026-07-27 09:20:00,14.194858456049698,3.0
2026-07-27 09:30:00,4.528271440147108,0.0
2026-07-27 09:40:00,5.239490204329607,0.24314368745526166
2026-07-27 09:50:00,9.499139288607237,1.6998231869491818
2026-07-27 10:00:00,8.56768389179993,1.1897837828000504
2026-07-27 10:10:00,7.1750023076658325,0.6344084286356095
2026-07-27 10:20:00,3.5481908358901553,0.09116785649736023
2026-07-27 10:30:00,4.480929848048262,0.022483029511508233
2026-07-27 10:40:00,9.00956829464607,1.304321528457407
2026-07-27 10:50:00,7.419948499903116,0.7833965105241227
2026-07-27 11:00:00,7.111441526298935,0.4462611575155001
2026-07-27 11:10:00,4.589527441849759,0.13645346567126115
2026-07-27 11:20:00,0.0,0.0
2026-07-27 11:30:00,12.62797254846091,3.0
2026-07-27 11:40:00,8.044043455578867,0.9946832910482586
2026-07-27 11:50:00,4.0592083394271885,0.017299044464851258
2026-07-27 12:00:00,5.29599449066872,0.3132678595398875
2026-07-27 12:10:00,7.210303772401367,0.7725269008013124
2026-07-27 12:20:00,5.628982212724703,0.3008379805150964
2026-07-27 12:30:00,8.675890279871492,1.121949458890463
2026-07-27 12:40:00,3.404309045856242,0.0
2026-07-27 12:50:00,7.114890581698173,0.5755558955061273
2026-07-27 13:00:00,8.619810140055327,1.2331491108740693
2026-07-27 13:10:00,7.960696809068516,0.9686678049442272
2026-07-27 13:20:00,7.683373399251886,0.7763662391632862
2026-07-27 13:30:00,7.472822781643467,0.6697868325241465
2026-07-27 13:40:00,6.282734040024825,0.35374733973183714
2026-07-27 13:50:00,7.628662576627042,0.7597641506699271
2026-07-27 14:00:00,4.0703150852830845,0.0
2026-07-27 14:10:00,4.805531448529962,0.1675588844647794
2026-07-27 14:20:00,8.100889807304604,0.887281864202444
2026-07-27 14:30:00,1.2327291468492128,0.0
2026-07-27 14:40:00,9.869337579205911,1.7252897666813773
2026-07-27 14:50:00,5.994404344869451,0.3572143679368736
2026-07-27 15:00:00,7.452443930573724,0.7144382051934616
2026-07-27 15:10:00,4.376307542847579,
2026-07-27 15:20:00,2.7124510649185307,0.0
2026-07-27 15:30:00,5.193312602634011,0.14640165725710888
2026-07-27 15:40:00,4.46035465374523,0.10406362853575765
2026-07-27 15:50:00,6.936490666981676,0.5278216707416085
2026-07-27 16:00:00,6.4410898869914375,0.35331422552395975
2026-07-27 16:10:00,15.16289644860103,3.0
2026-07-27 16:20:00,0.0,0.0
2026-07-27 16:30:00,11.314578466035773,2.568480927731158
2026-07-27 16:40:00,3.3888406075027584,0.0
2026-07-27 16:50:00,12.438468027410977,3.0
2026-07-27 17:00:00,8.911448925032648,1.248433032938164
2026-07-27 17:10:00,3.11490487498147,0.12028609961711517
2026-07-27 17:20:00,6.450622902902913,0.40692193648015906
2026-07-27 17:30:00,7.2100304007363665,0.5358679091057468
2026-07-27 17:40:00,3.319771528959314,0.03968872975548669
2026-07-27 17:50:00,,1.1504105540856917
2026-07-27 18:00:00,8.418705469392346,1.1227249208379013
2026-07-27 18:10:00,9.692619985407765,1.656510234236496
2026-07-27 18:20:00,5.181476644622563,0.1928814733704048
2026-07-27 18:30:00,1.9931757477300538,0.0
2026-07-27 18:40:00,3.360405265352701,0.09826566908409916
2026-07-27 18:50:00,6.69524089994204,0.6334202993106046
2026-07-27 19:00:00,4.99821105706482,0.0836810891333685
2026-07-27 19:10:00,5.406526280774404,0.3248485287612235
2026-07-27 19:20:00,12.097992385444606,3.0
2026-07-27 19:30:00,8.214809500542428,0.7265269460513561
2026-07-27 19:40:00,11.329912749236485,2.6147202340411666
2026-07-27 19:50:00,1.7434945762322647,0.0
2026-07-27 20:00:00,4.8963479112856705,0.11589695899776321
2026-07-27 20:10:00,5.893803459408847,0.38245775098219137
2026-07-27 20:20:00,10.17855536056691,1.9249305670733998
2026-07-27 20:30:00,6.756247170320089,0.49153699211866675
2026-07-27 20:40:00,6.702490647783504,0.5492538456443612
2026-07-27 20:50:00,4.520513973474978,0.14116062333992946
2026-07-27 21:00:00,2.526572513106405,0.0
2026-07-27 21:10:00,6.911050490830869,0.5778540836074826
2026-07-27 21:20:00,13.926053349140112,
2026-07-27 21:30:00,,3.685869072694703
2026-07-27 21:40:00,11.524783961753844,2.731910199970891
2026-07-27 21:50:00,12.608916742970163,3.0
2026-07-27 22:00:00,10.09823348469592,-2.083280437188203
2026-07-27 22:10:00,3.075727231087185,0.0028874912597428026
2026-07-27 22:20:00,9.48527588289306,1.5860093324748756
2026-07-27 22:30:00,7.007431534537054,0.5083669762175793
2026-07-27 22:40:00,3.0704317846184637,0.0
2026-07-27 22:50:00,3.851344983262887,0.04990636570101692
2026-07-27 23:00:00,0.7244440130825112,0.0
2026-07-27 23:10:00,1.452749411922425,0.0
2026-07-27 23:20:00,6.410789555960596,0.41283519387982176
2026-07-27 23:30:00,7.551143055030589,0.7812939009906038
2026-07-27 23:40:00,4.777650705884768,0.1024132097162478
2026-07-27 23:50:00,3.8325506789455197,0.017033713279477967
2026-07-28 00:00:00,,0.21244555730135029
2026-07-28 00:10:00,5.230923629876552,0.10032406201754134
2026-07-28 00:20:00,8.675092018542342,1.13171548912827
2026-07-28 00:30:00,11.8542600891733,2.9043621738520695
2026-07-28 00:40:00,3.8240963787530635,0.0
2026-07-28 00:50:00,9.377578595494484,1.3768983547321836
2026-07-28 01:00:00,4.5468870576135085,0.18481274422518323
2026-07-28 01:10:00,7.7337897811696505,0.7871661700971218
2026-07-28 01:20:00,5.672994703309118,0.3278169346601987
2026-07-28 01:30:00,8.47220937340489,1.0922094904441348
2026-07-28 01:40:00,2.473916942796623,0.0
2026-07-28 01:50:00,4.376218088978794,0.0
2026-07-28 02:00:00,11.622105411024283,2.7280337631868647
2026-07-28 02:10:00,6.864084366864985,0.47069648778905926
2026-07-28 02:20:00,11.088569993849296,2.48693056534789
2026-07-28 02:30:00,3.662600845631979,0.0345324182876374
2026-07-28 02:40:00,11.555234548195095,2.8107084664000035
2026-07-28 02:50:00,9.350032824544716,1.5730527633839066
2026-07-28 03:00:00,5.866905656068815,0.41590635537478293
2026-07-28 03:10:00,3.9294413614458774,0.15097547074435813
2026-07-28 03:20:00,12.075513553407669,3.0
2026-07-28 03:30:00,6.250503546811852,0.29675557564845745
2026-07-28 03:40:00,5.7521881077690145,0.28064713670588587
2026-07-28 03:50:00,11.03717227183165,2.36264900366781
2026-07-28 04:00:00,12.913877717327717,3.0
2026-07-28 04:10:00,9.149808721710187,1.4966970212211679
2026-07-28 04:20:00,6.901186025096106,0.546003745018889
2026-07-28 04:30:00,-5.573320271717421,0.017492538223178783
2026-07-28 04:40:00,,0.2391686483616289
2026-07-28 04:50:00,6.36400529717195,0.4208810717069782
2026-07-28 05:00:00,8.588238169166889,1.1636727367713982
2026-07-28 05:10:00,8.975231126990977,
2026-07-28 05:20:00,4.93305323263717,0.3173802648388599
2026-07-28 05:30:00,3.4948631891488864,0.0
2026-07-28 05:40:00,8.847707394031596,1.239591392956096
2026-07-28 05:50:00,0.610006584154057,0.0
2026-07-28 06:00:00,5.089931915957921,0.20704948063799056
2026-07-28 06:10:00,11.978735154296501,3.0
2026-07-28 06:20:00,1.5270513703383743,0.0
2026-07-28 06:30:00,5.076966760869169,0.08955120293335939
2026-07-28 06:40:00,11.940268130518568,3.0
2026-07-28 06:50:00,5.591195657654866,0.2342280104220039
2026-07-28 07:00:00,10.699674284588546,2.1491783140150402
2026-07-28 07:10:00,12.320742915750925,3.0
2026-07-28 07:20:00,6.896113516488982,0.44926227292766663
2026-07-28 07:30:00,5.702716361177812,0.22638747833430045
2026-07-28 07:40:00,7.096654312285692,0.7212106571754179
2026-07-28 07:50:00,-6.276111164785642,0.33801961270400127
2026-07-28 08:00:00,7.004370923784182,0.5689475836876797
2026-07-28 08:10:00,6.684639675389141,0.6458409390890983
2026-07-28 08:20:00,10.383062706441581,1.9623662769332648
2026-07-28 08:30:00,-10.142555617703396,1.6807164958417085
2026-07-28 08:40:00,6.052101029962814,0.4437650449112948
2026-07-28 08:50:00,11.418885308022059,2.7001888174516897
2026-07-28 09:00:00,9.228048196839804,1.3558420811454555
2026-07-28 09:10:00,3.830950268730393,0.0
2026-07-28 09:20:00,9.365988920259845,1.4132359924445967
2026-07-28 09:30:00,10.095315927578094,1.8215860501084888
2026-07-28 09:40:00,10.762752208270754,2.124814320459842
2026-07-28 09:50:00,4.748020161804009,0.15232627538193366
2026-07-28 10:00:00,8.469198493301304,1.1622423675252698
2026-07-28 10:10:00,14.286344632023786,3.0
2026-07-28 10:20:00,,1.7155583835596584
2026-07-28 10:30:00,8.827403503647858,1.2053867814020844
2026-07-28 10:40:00,2.7332116466062555,0.0
2026-07-28 10:50:00,10.979182374562512,2.3061385899024556
2026-07-28 11:00:00,4.89954284085679,0.12757901642048053
2026-07-28 11:10:00,7.244773458580306,0.8050510552165888
2026-07-28 11:20:00,7.795182958439061,0.8361210996873776
2026-07-28 11:30:00,4.206777891020766,0.014216038436773881
2026-07-28 11:40:00,6.59690659154095,0.40982852927936686
2026-07-28 11:50:00,1.3571203359787374,0.0
2026-07-28 12:00:00,7.509079783840529,0.7322544921085095
2026-07-28 12:10:00,8.52729330758033,1.0608509415608014
2026-07-28 12:20:00,7.200256319632972,0.6127477812649457
2026-07-28 12:30:00,0.5857382837240017,0.0
2026-07-28 12:40:00,2.1012258461855655,0.0
2026-07-28 12:50:00,4.189601050867035,0.0
2026-07-28 13:00:00,9.925938356095902,1.7566421618844599
2026-07-28 13:10:00,11.432650241497306,3.3375896823222035
2026-07-28 13:20:00,5.830186749872192,0.37409202522955726
2026-07-28 13:30:00,-12.95885361505175,3.0
2026-07-28 13:40:00,6.456496971046947,0.42388115529110526
2026-07-28 13:50:00,7.68922201894745,0.8297800403956659
2026-07-28 14:00:00,8.071423505289891,0.9811877312325841
2026-07-28 14:10:00,6.270164709791058,
2026-07-28 14:20:00,7.885195834799108,0.9454060525731383
2026-07-28 14:30:00,6.182045140890821,0.45107709119975825
2026-07-28 14:40:00,11.82092770752869,2.8481663535429522
2026-07-28 14:50:00,5.442460423097568,0.3044350717921627
2026-07-28 15:00:00,9.80141835845912,1.5850316745562896
2026-07-28 15:10:00,7.560709164928485,0.7896589483224197
2026-07-28 15:20:00,1.6656901759397682,0.0
2026-07-28 15:30:00,2.4817752827470505,0.0
2026-07-28 15:40:00,10.524993726021904,2.0346111912703457
2026-07-28 15:50:00,6.1536777183228955,0.287263649364202
2026-07-28 16:00:00,12.692133279199998,3.0
2026-07-28 16:10:00,13.00515516343655,3.0
2026-07-28 16:20:00,1.146902472663359,0.0
2026-07-28 16:30:00,12.563851529815583,3.0
2026-07-28 16:40:00,8.099388029493312,0.8675237420647509
2026-07-28 16:50:00,5.063079036686361,0.20942434762287668
2026-07-28 17:00:00,5.633730750359668,0.22614150004124633
2026-07-28 17:10:00,9.74727606155853,1.7982126751282723
2026-07-28 17:20:00,1.0460029381159135,0.0
2026-07-28 17:30:00,4.4383901762721205,0.22772322380784601
2026-07-28 17:40:00,0.6298500356196897,0.0
2026-07-28 17:50:00,4.161846647792872,0.00207279505557232
2026-07-28 18:00:00,6.721335532998834,0.5189847141606504
2026-07-28 18:10:00,12.115536493284706,
2026-07-28 18:20:00,2.5737239193773664,0.0
2026-07-28 18:30:00,7.142693525620611,0.4135023906357497
2026-07-28 18:40:00,4.897327495842264,0.17124240127410742
2026-07-28 18:50:00,8.72625891701865,1.2592083939928653
2026-07-28 19:00:00,6.2074091717193625,0.3450502812630675
2026-07-28 19:10:00,8.032493428241787,0.9006101071842914
2026-07-28 19:20:00,6.719883351354141,-0.6495083443613273
2026-07-28 19:30:00,10.673413759539766,2.1690060067486607
2026-07-28 19:40:00,10.288662869515317,2.0230800588487163
2026-07-28 19:50:00,12.521830734382405,3.0
2026-07-28 20:00:00,5.401098277533754,0.21406329812033695
2026-07-28 20:10:00,11.29975808610543,2.5052759661938184
2026-07-28 20:20:00,6.668100456548371,0.5441737484159298
2026-07-28 20:30:00,6.038666792171417,0.4207723804757679
2026-07-28 20:40:00,12.139240534598287,3.0
2026-07-28 20:50:00,-10.394034737033511,1.686116601041496
2026-07-28 21:00:00,8.563488639344792,1.1623550748059313
2026-07-28 21:10:00,9.485769789313515,1.5328399390890852
2026-07-28 21:20:00,7.419127088094651,0.8168253530982456
2026-07-28 21:30:00,3.87329115153552,0.11997153474146578
2026-07-28 21:40:00,4.432571262852911,7.440598675283183e-05
2026-07-28 21:50:00,11.093390784243306,2.416179339162902
2026-07-28 22:00:00,6.51848050330829,0.44750640238891015
2026-07-28 22:10:00,5.395273864339718,0.39126369874718014
2026-07-28 22:20:00,6.94748472095848,0.5598574551923903
2026-07-28 22:30:00,10.17431608859123,2.017340054517894
2026-07-28 22:40:00,10.557750795436611,2.0042395726523954
2026-07-28 22:50:00,7.024500248071331,0.6550169482767354
2026-07-28 23:00:00,7.295726626006051,0.8236139011388389
2026-07-28 23:10:00,2.8134913889181643,0.0
2026-07-28 23:20:00,6.611280976090806,0.3999767785549072
2026-07-28 23:30:00,9.846029675451195,1.732262401917483
2026-07-28 23:40:00,5.686048275978912,0.31553485061938036
2026-07-28 23:50:00,3.9603667366712214,0.06796032386512008
2026-07-29 00:00:00,7.922785587369324,0.8875094196504928
2026-07-29 00:10:00,2.3945659432116706,0.0
2026-07-29 00:20:00,7.529061211415889,0.9403327300573839
2026-07-29 00:30:00,6.050775587108126,0.3916578214275488
2026-07-29 00:40:00,6.576823689812863,0.47368280634079507
2026-07-29 00:50:00,4.827924599801437,0.27063309914886896
2026-07-29 01:00:00,9.580901059432199,1.6132474609802183
2026-07-29 01:10:00,5.852609757949508,3.2651137986079437
2026-07-29 01:20:00,7.747246318938005,0.7162731526323967
2026-07-29 01:30:00,9.793757992543295,
2026-07-29 01:40:00,,1.9828119694078263
2026-07-29 01:50:00,8.049982447964817,0.9770422246631773
2026-07-29 02:00:00,9.273545848701925,1.4950173744846176
2026-07-29 02:10:00,11.34216680561322,2.632922215764803
2026-07-29 02:20:00,1.8871733218118099,0.0
2026-07-29 02:30:00,9.916749866081993,1.727591672882915
2026-07-29 02:40:00,5.170332127518593,0.1503719017029308
2026-07-29 02:50:00,9.32405696383038,1.449554891938625
2026-07-29 03:00:00,2.8917430705814446,-0.2
2026-07-29 03:10:00,2.1928709385371175,0.0
2026-07-29 03:20:00,3.6755960638925864,0.05415505215064263
2026-07-29 03:30:00,7.990994159331489,3.7100532864906404
2026-07-29 03:40:00,10.708120116467931,2.1811099581943507
2026-07-29 03:50:00,4.611882998779841,0.19531446117488982
2026-07-29 04:00:00,7.28387376377633,0.685329844874466
2026-07-29 04:10:00,13.539345234539677,3.0
2026-07-29 04:20:00,3.6236524994022012,0.0726311687252602
2026-07-29 04:30:00,8.138086292852996,0.9524498006368921
2026-07-29 04:40:00,12.470828540607425,3.0
2026-07-29 04:50:00,6.164176492084221,0.29090641233356235
2026-07-29 05:00:00,5.262353038526587,-0.4117567513711097
2026-07-29 05:10:00,4.869576854674327,0.17007240184602923
2026-07-29 05:20:00,10.679595444088296,2.30614966681826
2026-07-29 05:30:00,15.297794668014866,3.0
2026-07-29 05:40:00,10.02239775802232,1.7789047886054443
2026-07-29 05:50:00,4.9264602437737075,0.22247684380903335
2026-07-29 06:00:00,8.336526836176336,1.022362179222433
2026-07-29 06:10:00,3.006421084137365,0.17166376574262066
2026-07-29 06:20:00,5.360772999582341,0.22979204177101778
2026-07-29 06:30:00,9.05886310907161,1.3176926766365746
2026-07-29 06:40:00,8.50795205585898,1.1505691985453883
2026-07-29 06:50:00,5.97362564285873,0.3111304305089094
2026-07-29 07:00:00,6.92640566449974,0.6077205127884279
2026-07-29 07:10:00,9.355681263680943,1.5522751522220573
2026-07-29 07:20:00,7.407338680377409,0.7487958698453685
2026-07-29 07:30:00,2.8938980343530245,0.0
2026-07-29 07:40:00,-8.422309481228229,0.8120700505141587
2026-07-29 07:50:00,-4.128472710926883,0.005632363857844838
2026-07-29 08:00:00,8.51464491804486,1.2223428059013612
2026-07-29 08:10:00,10.393145796263582,1.963442511169707
2026-07-29 08:20:00,7.416136761104671,0.7237219790502073
2026-07-29 08:30:00,10.315269862581669,1.9604845041653278
2026-07-29 08:40:00,14.827418888413405,3.0
2026-07-29 08:50:00,7.803931120701266,0.7174650392091451
2026-07-29 09:00:00,11.585508345067915,2.5935798797405956
2026-07-29 09:10:00,7.893035675597904,0.8676398015805967
2026-07-29 09:20:00,5.737436572195283,0.24592751200524737
2026-07-29 09:30:00,8.238430953209189,0.8518419880989081
2026-07-29 09:40:00,3.191270489800183,0.1417054132111343
2026-07-29 09:50:00,8.23644978532957,1.0012953339039872
2026-07-29 10:00:00,6.176942304034772,0.3638070891792369
2026-07-29 10:10:00,5.184222693757479,0.1279648529123274
2026-07-29 10:20:00,6.852485704733923,0.49645978901208165
2026-07-29 10:30:00,12.796257135902117,3.0
2026-07-29 10:40:00,8.059516706455765,0.9581734587321769
2026-07-29 10:50:00,3.9780030348623914,0.18124267288865306
2026-07-29 11:00:00,8.46580810695448,1.1656640413763848
2026-07-29 11:10:00,1.502749883893303,0.0
2026-07-29 11:20:00,8.655988013697332,1.1173439894792834
2026-07-29 11:30:00,5.680412401674984,0.33067718714906047
2026-07-29 11:40:00,7.725683121016905,
2026-07-29 11:50:00,5.939038651755517,0.21462417747218462
2026-07-29 12:00:00,6.934723132010786,0.607353980165536
2026-07-29 12:10:00,4.958691013286849,0.08525307541095209
2026-07-29 12:20:00,6.712977414156513,0.6117828066577828
2026-07-29 12:30:00,3.674221022926548,0.02093948164250326
2026-07-29 12:40:00,11.714567028772574,2.757805755480963
2026-07-29 12:50:00,7.598421621743414,0.7919997064573987
2026-07-29 13:00:00,9.02502785054653,1.3060772782710461
2026-07-29 13:10:00,9.75385737554325,
2026-07-29 13:20:00,8.447159389770087,0.9746544923448133
2026-07-29 13:30:00,6.016528275783726,0.33776532825780836
2026-07-29 13:40:00,7.099831607576818,0.6088720369863582
2026-07-29 13:50:00,6.684782108902534,0.7303150278249662
2026-07-29 14:00:00,8.799092791876866,1.3423875386233646
2026-07-29 14:10:00,6.969768923469349,0.5430997150395894
2026-07-29 14:20:00,12.979517408463716,3.0
2026-07-29 14:30:00,7.733185458075703,
2026-07-29 14:40:00,10.91747610969821,2.261860302152965
2026-07-29 14:50:00,8.148439237216827,1.0462993370417786
2026-07-29 15:00:00,8.385162427161834,1.0657552646205755
2026-07-29 15:10:00,7.7758936108927355,0.967875223561163
2026-07-29 15:20:00,2.269503032891569,0.0
2026-07-29 15:30:00,3.30750032072224,0.056746055376640965
2026-07-29 15:40:00,11.980169087274014,2.982223118371142
2026-07-29 15:50:00,8.039870744570358,0.9929089131816137
2026-07-29 16:00:00,0.0,0.0
2026-07-29 16:10:00,-9.571066830136365,1.504992786329099
2026-07-29 16:20:00,11.474235637887972,2.5541528174946704
2026-07-29 16:30:00,11.877293607025308,2.8715159552251723
2026-07-29 16:40:00,5.22962927242644,0.1590621211511672
2026-07-29 16:50:00,6.143465783619909,0.36760053358202566
2026-07-29 17:00:00,6.9003832006730965,0.5807611737012476
2026-07-29 17:10:00,10.035659936087326,1.78921648278389
2026-07-29 17:20:00,11.619629755147688,2.7658797830947313
2026-07-29 17:30:00,7.124902097637513,0.6663277490363316
2026-07-29 17:40:00,2.706949896345245,0.0
2026-07-29 17:50:00,11.574549453758433,2.609045805486199
2026-07-29 18:00:00,,0.08696277338596661
2026-07-29 18:10:00,3.3487005898044666,0.0
2026-07-29 18:20:00,8.520980460204003,1.1051254164967363
2026-07-29 18:30:00,8.331993482556003,1.0759388509688943
2026-07-29 18:40:00,3.437388051281884,0.0
2026-07-29 18:50:00,13.970533167091443,3.0
2026-07-29 19:00:00,14.61646482169594,3.0
2026-07-29 19:10:00,6.245969682815007,0.45371567776918026
2026-07-29 19:20:00,8.015201424110062,0.886924212507102
2026-07-29 19:30:00,10.016901888797586,1.7681424362377796
2026-07-29 19:40:00,13.279602219762205,3.0
2026-07-29 19:50:00,,0.2335973546123629
2026-07-29 20:00:00,2.4273879298472147,0.0
2026-07-29 20:10:00,5.129464428969595,0.01329857833722925
2026-07-29 20:20:00,5.466759851386139,0.21894324840265927
2026-07-29 20:30:00,7.821102098178814,0.8149943827928318
2026-07-29 20:40:00,5.757622928410188,0.1380094225499531
2026-07-29 20:50:00,8.814972446099853,1.3226343773480942
2026-07-29 21:00:00,8.228426208228258,0.9417534061203128
2026-07-29 21:10:00,3.7908675825041733,0.03997297406593726
2026-07-29 21:20:00,4.565931372932169,0.06950662169742695
2026-07-29 21:30:00,5.200643385903491,0.2381147982828048
2026-07-29 21:40:00,6.047580114636944,0.34035100325692413
2026-07-29 21:50:00,3.789146801604433,0.0
2026-07-29 22:00:00,5.502183308273913,0.23318775117643176
2026-07-29 22:10:00,4.26580228324079,0.13800932024556667
2026-07-29 22:20:00,9.103599468793565,1.316244180431639
2026-07-29 22:30:00,8.63685651383642,1.0659039286631362
2026-07-29 22:40:00,12.329254832813001,3.0
2026-07-29 22:50:00,6.646608073606265,0.6273224935918327
2026-07-29 23:00:00,10.155352284230869,1.8834284423630163
2026-07-29 23:10:00,,0.5574377775479086
2026-07-29 23:20:00,8.64325264695686,1.2185420862713532
2026-07-29 23:30:00,8.379898826245864,1.1273054344694222
2026-07-29 23:40:00,5.627117659688282,0.3313718867949949
2026-07-29 23:50:00,,2.1872574783175724
2026-07-30 00:00:00,4.397959145371429,0.22662626413776166
2026-07-30 00:10:00,5.743484705621881,0.3892146133870421
2026-07-30 00:20:00,1.4574480552013434,0.0
2026-07-30 00:30:00,4.223608427108023,0.019870270464652305
2026-07-30 00:40:00,13.223836757631412,3.0
2026-07-30 00:50:00,6.177330863911285,0.4464910756504433
2026-07-30 01:00:00,12.170959756857615,-3.2
2026-07-30 01:10:00,3.1392126953488884,0.0
2026-07-30 01:20:00,7.517346349808075,0.7779218553485969
2026-07-30 01:30:00,8.952715274828893,1.2103224149343856
2026-07-30 01:40:00,4.83695231729712,0.0
2026-07-30 01:50:00,4.995882554648517,0.07510416453107298
2026-07-30 02:00:00,-10.703484335702436,1.78424800560792
2026-07-30 02:10:00,3.384573565953977,3.622718904955745
2026-07-30 02:20:00,9.200881621701733,1.4339878064159117
2026-07-30 02:30:00,6.777450499612158,0.5726180356970618
2026-07-30 02:40:00,8.55072798100851,1.0653779482568502
2026-07-30 02:50:00,13.486057759777939,3.0
2026-07-30 03:00:00,3.104600125886864,0.0857904523841431
2026-07-30 03:10:00,8.458365149431334,1.0350310921628645
2026-07-30 03:20:00,7.078885097695349,0.6656880382804419
2026-07-30 03:30:00,10.170278766795985,2.0090482132548937
2026-07-30 03:40:00,7.610137870346634,0.6225945038986441
2026-07-30 03:50:00,5.317943815905483,0.18391975934425073
2026-07-30 04:00:00,5.38148609115209,0.2642059113175462
2026-07-30 04:10:00,9.223116501995818,1.4706354310420195
2026-07-30 04:20:00,9.510102728247462,1.5744641215923147
2026-07-30 04:30:00,8.576219172086132,1.0854237633471389
2026-07-30 04:40:00,9.160446939033847,1.3483680113669467
2026-07-30 04:50:00,8.8479486973585,1.2810437305549927
2026-07-30 05:00:00,2.2544351470346147,0.0
2026-07-30 05:10:00,9.499065591705591,1.5221844345206494
2026-07-30 05:20:00,7.299895435160697,0.7454458227932328
2026-07-30 05:30:00,3.1115337196754336,0.060511175621680555
2026-07-30 05:40:00,18.497873337237326,3.0
2026-07-30 05:50:00,8.236581758262574,0.949592874259857
2026-07-30 06:00:00,4.436276124217173,0.2847142005729374
2026-07-30 06:10:00,10.97460334025741,2.352363079696158
2026-07-30 06:20:00,7.841810784674602,0.877130307138653
2026-07-30 06:30:00,11.540256422980073,2.707410426654055
2026-07-30 06:40:00,5.058570160316637,0.09311002819679699
2026-07-30 06:50:00,,0.2720387577401232
2026-07-30 07:00:00,5.013850000873433,0.18198236461629774
2026-07-30 07:10:00,12.549194833331665,3.0
2026-07-30 07:20:00,6.86181184088717,0.48033706485556604
2026-07-30 07:30:00,6.309800438482202,0.3662380447939932
2026-07-30 07:40:00,3.749451564139659,0.02621651377446087
2026-07-30 07:50:00,5.524523700540352,0.3288313119740054
2026-07-30 08:00:00,6.060797856774506,0.5291786364546337
2026-07-30 08:10:00,6.901628271400937,0.512614735024706
2026-07-30 08:20:00,6.656041454365574,0.41981591367589943
2026-07-30 08:30:00,7.305360465840811,0.7847888623208609
2026-07-30 08:40:00,7.685895994069515,0.7613205742975289
2026-07-30 08:50:00,,0.29111396488156915
2026-07-30 09:00:00,6.753063661239497,0.4937369160915186
2026-07-30 09:10:00,7.756304675587419,0.7950295903406599
2026-07-30 09:20:00,1.0653297164206341,0.0
2026-07-30 09:30:00,10.046559731678032,1.9544089281665267
2026-07-30 09:40:00,5.10393495033386,0.25402708574021093
2026-07-30 09:50:00,9.195473902916213,1.455138876888114
2026-07-30 10:00:00,9.794290640319947,1.6955731308447357
2026-07-30 10:10:00,3.6246053106616585,0.03498456922352486
2026-07-30 10:20:00,3.882450543675552,0.14047434741963188
2026-07-30 10:30:00,5.747457505047897,0.34941673557041725
2026-07-30 10:40:00,5.181819232586845,0.14324411685925684
2026-07-30 10:50:00,8.117378714239479,1.0321373266911358
2026-07-30 11:00:00,6.085107755847654,0.32047157549798594
2026-07-30 11:10:00,7.888075629757587,
2026-07-30 11:20:00,12.19969636407372,3.0
2026-07-30 11:30:00,5.229269556104615,0.20041804753637077
2026-07-30 11:40:00,7.36666506339483,0.8902145490219555
2026-07-30 11:50:00,5.736417900727087,0.32246178578457857
2026-07-30 12:00:00,8.250058501436664,1.1431367524182927
2026-07-30 12:10:00,11.823649299064252,2.8645628559156604
2026-07-30 12:20:00,5.481558188615139,0.10176029242525875
2026-07-30 12:30:00,7.398046995317884,0.6987531201998065
2026-07-30 12:40:00,14.066684037485471,3.0
2026-07-30 12:50:00,,3.0
2026-07-30 13:00:00,5.100407311531675,0.10359710318232232
2026-07-30 13:10:00,0.0,0.0
2026-07-30 13:20:00,9.846644804166226,1.7076680877730774
2026-07-30 13:30:00,5.620628478799545,0.2989033593086173
2026-07-30 13:40:00,7.289463428401912,0.7328334013360156
2026-07-30 13:50:00,1.292578687068434,0.0
2026-07-30 14:00:00,,0.11930726269961758
2026-07-30 14:10:00,8.825220021040309,1.382354439678403
2026-07-30 14:20:00,6.439391869700078,0.3994510402352933
2026-07-30 14:30:00,7.839600801551024,0.7680568314927124
2026-07-30 14:40:00,4.3160233180988845,0.19591726120181152
2026-07-30 14:50:00,12.88259764785871,3.0
2026-07-30 15:00:00,8.278618046974916,0.963315947197173
2026-07-30 15:10:00,11.902795955134945,2.93544417468228
2026-07-30 15:20:00,3.4422707785303794,0.0
2026-07-30 15:30:00,6.204123327777743,0.29589285942088606
2026-07-30 15:40:00,10.141554458365206,2.0626811798791063
2026-07-30 15:50:00,6.962449470673555,0.5407412069774447
2026-07-30 16:00:00,4.882032135851183,0.09389629710167519
2026-07-30 16:10:00,1.7529227228759874,0.0
2026-07-30 16:20:00,11.734212144355938,2.764466646654037
2026-07-30 16:30:00,6.121918017902051,0.3912735115669508
2026-07-30 16:40:00,7.239146712276444,0.8376923851706819
2026-07-30 16:50:00,4.694941774789955,0.04956824860762623
2026-07-30 17:00:00,7.900961513639729,0.8072974299982931
2026-07-30 17:10:00,10.472465941738939,2.108128917021397
2026-07-30 17:20:00,8.138245947786649,0.9051089842637519
2026-07-30 17:30:00,8.022304600381956,1.0364852073527027
2026-07-30 17:40:00,8.502766002752857,1.019016895468315
2026-07-30 17:50:00,4.798571313868203,0.10638905450658429
2026-07-30 18:00:00,6.737405323386733,0.43893608736721085
2026-07-30 18:10:00,0.5877386642631777,0.0
2026-07-30 18:20:00,6.953811946860436,0.7354483643598917
2026-07-30 18:30:00,10.727690529982091,2.190454396742523
2026-07-30 18:40:00,6.768463865006722,0.5025319078840489
2026-07-30 18:50:00,1.7929035991423206,0.0
2026-07-30 19:00:00,3.6433341347234545,0.0
2026-07-30 19:10:00,6.026513966286306,0.47838531438157417
2026-07-30 19:20:00,10.022569019037213,1.8098646804479326
2026-07-30 19:30:00,4.531789971911762,0.053971013272890986
2026-07-30 19:40:00,7.091333731468703,0.46750403089121984
2026-07-30 19:50:00,6.281435444249088,0.5074769090962818
2026-07-30 20:00:00,7.8320014394988995,0.8565314681805922
2026-07-30 20:10:00,5.522639738273203,0.32789985364390895
2026-07-30 20:20:00,7.35332740371504,
2026-07-30 20:30:00,9.033538359212386,1.4448260499330658
2026-07-30 20:40:00,3.5066862477336014,0.06840054223931338
2026-07-30 20:50:00,10.582575558132895,2.0334892496858963
2026-07-30 21:00:00,3.8833451503095544,0.0
2026-07-30 21:10:00,8.707625985653422,1.2884452716297707
2026-07-30 21:20:00,5.25344458168139,0.2371296189700251
2026-07-30 21:30:00,3.6774803928185538,0.0
2026-07-30 21:40:00,11.00189306597483,2.501575274237437
2026-07-30 21:50:00,0.8696947036363794,0.0
2026-07-30 22:00:00,4.3395376303703355,0.08689686100165234
2026-07-30 22:10:00,1.9847272666192133,0.0
2026-07-30 22:20:00,7.981181647998276,0.84849466649355
2026-07-30 22:30:00,6.373438186043515,0.43313200570066396
2026-07-30 22:40:00,1.2161698993062684,-0.2
2026-07-30 22:50:00,11.826966466391788,2.72481621007148
2026-07-30 23:00:00,10.7635077765308,2.283810626829084
2026-07-30 23:10:00,4.716650754066667,0.08520960836868265
2026-07-30 23:20:00,9.65390798414112,1.7616047969493431
2026-07-30 23:30:00,3.1698528883277675,0.04477010101929465
2026-07-30 23:40:00,6.825338440211878,0.5727350858708942
2026-07-30 23:50:00,6.289350732131937,0.3917906731502362
2026-07-31 00:00:00,4.2881722526454595,0.02511420320465777
2026-07-31 00:10:00,9.043109620603062,1.4007572168859053
2026-07-31 00:20:00,2.4627577193856958,0.0
2026-07-31 00:30:00,10.57667457206155,2.1799807832865565
2026-07-31 00:40:00,9.857345616908596,1.6192811930735422
2026-07-31 00:50:00,13.397219567612984,3.0
2026-07-31 01:00:00,3.87987341743895,0.11169591573713006
2026-07-31 01:10:00,,0.0
2026-07-31 01:20:00,7.107430569704765,0.6458316460366618
2026-07-31 01:30:00,3.8320738268596855,0.09161024821620993
2026-07-31 01:40:00,3.1652627273267973,0.0
2026-07-31 01:50:00,10.173790899495735,1.9837774137099726
2026-07-31 02:00:00,5.766538003253509,0.33386203521471947
2026-07-31 02:10:00,7.993121935083354,0.9651597919738614
2026-07-31 02:20:00,8.42325053767256,1.1544202129824646
2026-07-31 02:30:00,6.830804765452579,0.5907775777928077
2026-07-31 02:40:00,8.656428328558372,1.3023019044873707
2026-07-31 02:50:00,0.4631087436159049,0.0
2026-07-31 03:00:00,11.4590176494412,2.556256352519032
2026-07-31 03:10:00,8.041496455113686,0.9359409239617656
2026-07-31 03:20:00,2.1453538106715166,0.0
2026-07-31 03:30:00,7.7066603058705105,0.8383382915348736
2026-07-31 03:40:00,11.962614249564867,3.0
2026-07-31 03:50:00,6.8678466638937286,0.6619049197668644
2026-07-31 04:00:00,4.632000059164293,0.15684099205342494
2026-07-31 04:10:00,7.283762156941259,0.5806245728416668
2026-07-31 04:20:00,3.7730143612511435,0.005467648306897457
2026-07-31 04:30:00,12.94708851914632,3.0
2026-07-31 04:40:00,7.056001154209945,0.6323089808149424
2026-07-31 04:50:00,7.689373388239287,0.9383655509592355
2026-07-31 05:00:00,11.832801187972418,-2.8891257007122166
2026-07-31 05:10:00,10.312148094618053,1.9834280208335813
2026-07-31 05:20:00,10.505513610415315,2.0278882148256145
2026-07-31 05:30:00,5.850964585526248,0.2895228181751515
2026-07-31 05:40:00,7.690482862702814,0.7745102229790081
2026-07-31 05:50:00,11.052233347027864,2.3497172021202752
2026-07-31 06:00:00,7.119014254919031,0.7000139205659207
2026-07-31 06:10:00,11.558655094723129,2.6012255782006464
2026-07-31 06:20:00,11.224635310882057,2.443981500808415
2026-07-31 06:30:00,9.344149384527476,1.4478470805590762
2026-07-31 06:40:00,8.857875992070841,1.3014339574405942
2026-07-31 06:50:00,3.1024123076559573,3.8220113068064006
2026-07-31 07:00:00,6.522133240742505,0.560505135547862
2026-07-31 07:10:00,8.130560587904263,
2026-07-31 07:20:00,7.6994949091775435,0.6365678887983464
2026-07-31 07:30:00,5.140845682705292,0.0
2026-07-31 07:40:00,7.045900162462267,0.5712232478343781
2026-07-31 07:50:00,11.21124167867306,2.4783231745845513
2026-07-31 08:00:00,4.976494886253926,0.1583783677743575
2026-07-31 08:10:00,4.8860404173542795,
2026-07-31 08:20:00,6.587459762695598,0.3866199917303588
2026-07-31 08:30:00,9.29140795693321,1.2583841275969017
2026-07-31 08:40:00,12.318368097585367,3.0
2026-07-31 08:50:00,9.667360470000208,1.650319425539294
2026-07-31 09:00:00,14.558812809220196,3.0
2026-07-31 09:10:00,7.621983680099335,0.752128074475205
2026-07-31 09:20:00,6.916371308917673,0.4528749408366696
2026-07-31 09:30:00,3.9950442161572273,0.09885251810346207
2026-07-31 09:40:00,3.5508306650926493,0.047793136362659736
2026-07-31 09:50:00,8.0631211538253,0.9501285622087866
2026-07-31 10:00:00,3.96077692288844,0.05043342165482677
2026-07-31 10:10:00,9.085355274325888,1.4887353003632326
2026-07-31 10:20:00,3.4935906226034916,0.0
2026-07-31 10:30:00,7.276800222162982,0.5975188767231291
2026-07-31 10:40:00,6.922824419066946,0.5241715617648395
2026-07-31 10:50:00,3.6181672405115135,0.0
2026-07-31 11:00:00,4.172989035920125,0.0889572038550511
2026-07-31 11:10:00,2.3057376811574635,0.0
2026-07-31 11:20:00,11.389966086003396,2.7772445213930013
2026-07-31 11:30:00,5.1834730672522475,0.10285049175335483
2026-07-31 11:40:00,1.906705384465548,0.0
2026-07-31 11:50:00,10.002335303682914,1.890261824529318
2026-07-31 12:00:00,3.7668502735666034,0.0
2026-07-31 12:10:00,7.296264246998204,0.7347234037434166
2026-07-31 12:20:00,9.287332861520024,1.4793691302647696
2026-07-31 12:30:00,11.729329407699543,2.8152284552704554
2026-07-31 12:40:00,11.901213874039456,2.8948301667337013
2026-07-31 12:50:00,6.696812137229176,0.3569070575556031
2026-07-31 13:00:00,9.20597121581542,1.21986919750801
2026-07-31 13:10:00,11.425958118667472,2.573442583739771
2026-07-31 13:20:00,1.6780278193828,0.0
2026-07-31 13:30:00,9.863832749048633,1.8244097520602278
2026-07-31 13:40:00,11.776579009991066,2.789852418694823
2026-07-31 13:50:00,7.967437876599703,0.8386106390713929
2026-07-31 14:00:00,5.580516173700115,0.3676805970977774
2026-07-31 14:10:00,4.747725767232669,0.13582604480206492
2026-07-31 14:20:00,12.003788556220966,3.0
2026-07-31 14:30:00,5.279758046009918,0.2745258272816222
2026-07-31 14:40:00,7.552905190735375,0.8058247974186289
2026-07-31 14:50:00,11.411408259496234,2.681073604614018
2026-07-31 15:00:00,3.8222667408170103,0.0
2026-07-31 15:10:00,7.258076787256082,0.653381023109965
2026-07-31 15:20:00,9.807397178417137,1.615180235096999
2026-07-31 15:30:00,6.143413199182564,0.34028776857932974
2026-07-31 15:40:00,7.502914673563466,0.6730091137090597
2026-07-31 15:50:00,6.135073996560767,0.4471470094712459
2026-07-31 16:00:00,-9.328271403287383,1.2071021587859678
2026-07-31 16:10:00,-13.544177011068655,3.0
2026-07-31 16:20:00,3.740678620848428,0.04518690187152996
2026-07-31 16:30:00,6.302858698564231,0.4594350690238025
2026-07-31 16:40:00,7.631850198324528,0.8592293217181572
2026-07-31 16:50:00,6.756576545475946,0.5251084504612317
2026-07-31 17:00:00,7.937935190044345,
2026-07-31 17:10:00,12.271570851095632,3.0
2026-07-31 17:20:00,5.152557488798284,0.11983696179387707
2026-07-31 17:30:00,9.112479802356322,1.449108817441648
2026-07-31 17:40:00,9.890974604829765,1.7758060598880077
2026-07-31 17:50:00,8.987476635819698,1.2209633669334896
2026-07-31 18:00:00,3.3354890291232255,0.006163920799943436
2026-07-31 18:10:00,7.961812528154783,0.8976293780366972
2026-07-31 18:20:00,2.423462857565104,0.0
2026-07-31 18:30:00,6.693039640393256,0.36717164222830423
2026-07-31 18:40:00,6.721215700282192,0.5556157359041523
2026-07-31 18:50:00,5.020436279479842,0.18480522731661297
2026-07-31 19:00:00,4.436148077635234,0.10294018066243452
2026-07-31 19:10:00,12.672301248130784,3.0
2026-07-31 19:20:00,6.395596636188437,-0.43439457267173276
2026-07-31 19:30:00,6.865811651874544,0.7147704435298615
2026-07-31 19:40:00,11.812205167776128,2.889699714049566
2026-07-31 19:50:00,9.338364416830641,1.4976580355969504
2026-07-31 20:00:00,4.981448728996302,0.21671190788205996
2026-07-31 20:10:00,4.571111780890142,0.2196231123856439
2026-07-31 20:20:00,-9.724927533314121,1.4801435103668354
2026-07-31 20:30:00,7.210839755928056,0.6776497393589546
2026-07-31 20:40:00,0.7303534632200872,0.0
2026-07-31 20:50:00,8.008837843565912,0.9955737576523991
2026-07-31 21:00:00,7.4788586860127815,0.6375479740291575
2026-07-31 21:10:00,12.318919397064047,3.0
2026-07-31 21:20:00,4.084472471612332,0.1768166304299137
2026-07-31 21:30:00,8.352014798500319,1.02183740658604
2026-07-31 21:40:00,7.055601397615041,0.5428046272703659
2026-07-31 21:50:00,2.0831487755911615,
2026-07-31 22:00:00,4.7881765629225095,0.12579072342782083
2026-07-31 22:10:00,5.561717629769676,0.2490590320526685
2026-07-31 22:20:00,1.8156661948388813,0.0
2026-07-31 22:30:00,11.417191657349386,2.596141536643023
2026-07-31 22:40:00,4.383155731378771,0.0
2026-07-31 22:50:00,7.263697187751233,
2026-07-31 23:00:00,11.319644829138992,2.6481142284508086
2026-07-31 23:10:00,6.006021910669077,0.2397235576070185
2026-07-31 23:20:00,8.81123415952421,1.1389249405268302
2026-07-31 23:30:00,5.585540880414296,0.20066206815458476
2026-07-31 23:40:00,,0.02604812744846441
2026-07-31 23:50:00,4.123748448365193,0.0
